flickr_id,mos,width,height,pixfmt,framerate,nb_frames,bitdepth,bitrate
3339962845,4.6400000000,960,540,yuv420p,29.97002997003,240,8,704684
8171831850,4.4440298510,960,540,yuv420p,29.97002997003,240,8,1476951
6076608135,4.4000000000,960,540,yuv420p,29.97002997003,240,8,1638438
8751538577,4.4000000000,960,540,yuv420p,23.976,192,8,2429441
7518773518,4.3200000000,960,540,yuv420p,23.976023976024,192,8,1810853
8657921837,4.3000000000,960,540,yuv420p,24,192,8,1177582
8758952624,4.3000000000,960,540,yuv420p,29.97,240,8,1128286
9571377943,4.2800000000,960,540,yuv420p,23.976,192,8,1881877
8562619627,4.2600000000,960,540,yuv420p,25,200,8,825895
12262452854,4.2400000000,960,540,yuv420p,24,192,8,931300
12379836133,4.2400000000,960,540,yuv420p,25,200,8,1121599
12355531285,4.2200000000,960,540,yuv420p,29.97,240,8,944696
6947112934,4.1800000000,960,540,yuv420p,25,200,8,367755
4675931801,4.1600000000,960,540,yuv420p,29.97002997003,240,8,3026979
6787309364,4.1600000000,960,540,yuv420p,29.97002997003,240,8,1118620
5391431291,4.1518518520,960,540,yuv420p,23.976023976024,192,8,789981
10244479353,4.1400000000,960,540,yuv420p,29.97,240,8,1383754
10283826203,4.1400000000,960,540,yuv420p,29.97,240,8,752153
10595581344,4.1400000000,960,540,yuv420p,29.97,240,8,1130126
4779773181,4.1400000000,960,540,yuv420p,25,200,8,285499
8286421427,4.1400000000,960,540,yuv420p,25,200,8,886728
11618284403,4.1200000000,960,540,yuv420p,29.97002997003,240,8,2649204
5893119747,4.1200000000,960,540,yuv420p,25,200,8,2229893
6913535960,4.1062992130,960,540,yuv420p,25,200,8,1798056
13288073854,4.1000000000,960,540,yuv420p,25,200,8,711872
5355837503,4.1000000000,960,540,yuv420p,23.976023976024,192,8,2408894
11540616946,4.0800000000,960,540,yuv420p,29.97,240,8,1494137
3407992311,4.0800000000,960,540,yuv420p,29.97002997003,240,8,2044427
9633321480,4.0800000000,960,540,yuv420p,24,192,8,931748
10008004183,4.0600000000,960,540,yuv420p,25,200,8,2057360
7177696763,4.0600000000,960,540,yuv420p,24,192,8,877865
5477809421,4.0400000000,960,540,yuv420p,29.97002997003,240,8,3801792
5489207006,4.0400000000,960,540,yuv420p,29.97002997003,240,8,1186736
6900620920,4.0400000000,960,540,yuv420p,24,192,8,900082
9060241382,4.0400000000,960,540,yuv420p,25,200,8,2157760
9480678073,4.0400000000,960,540,yuv420p,29.97,240,8,1748779
9513903384,4.0400000000,960,540,yuv420p,29.97,240,8,3865713
9917916796,4.0400000000,960,540,yuv420p,29.97,240,8,1741099
12378508014,4.0355731230,960,540,yuv420p,25,200,8,877517
3369925072,4.0200000000,960,540,yuv420p,29.97002997003,240,8,1093971
3863745355,4.0200000000,960,540,yuv420p,23.976023976024,192,8,952948
3963620197,4.0200000000,960,540,yuv420p,23.976023976024,192,8,1285852
4329911079,4.0200000000,960,540,yuv420p,29.97002997003,240,8,1189928
6137257339,4.0200000000,960,540,yuv420p,29.97002997003,240,8,615853
8667534666,4.0200000000,960,540,yuv420p,29.97002997003,240,8,5856332
8701032421,4.0200000000,960,540,yuv420p,23.976023976024,192,8,1038639
9709640314,4.0200000000,960,540,yuv420p,29.97,240,8,1019154
12123666684,4.0000000000,960,540,yuv420p,29.97002997003,240,8,2229589
6914710581,4.0000000000,960,540,yuv420p,24,192,8,855821
4549036485,3.9924812030,960,540,yuv420p,29.97002997003,240,8,575327
4273096444,3.9800000000,960,540,yuv420p,29.97002997003,240,8,772861
4800261002,3.9800000000,960,540,yuv420p,29.97002997003,240,8,755102
9464591256,3.9800000000,960,540,yuv420p,23.976,192,8,1809675
12255205254,3.9600000000,960,540,yuv420p,25,200,8,696054
7977126554,3.9600000000,960,540,yuv420p,29.97002997003,240,8,567916
8182527128,3.9600000000,960,540,yuv420p,29.97002997003,240,8,1800228
8420230247,3.9600000000,960,540,yuv420p,29.97002997003,240,8,1422331
6528988807,3.9448818900,960,540,yuv420p,24,192,8,954892
10149337843,3.9400000000,960,540,yuv420p,29.97,240,8,1571280
11465976586,3.9400000000,960,540,yuv420p,29.97,240,8,2408637
11535683914,3.9400000000,960,540,yuv420p,29.97002997003,240,8,1347525
4655662252,3.9400000000,960,540,yuv420p,29.97002997003,240,8,1398576
7029270875,3.9400000000,960,540,yuv420p,23.976023976024,192,8,1229139
8859509880,3.9400000000,960,540,yuv420p,29.97,240,8,1258407
11383768246,3.9200000000,960,540,yuv420p,29.97002997003,240,8,1457306
5487345956,3.9200000000,960,540,yuv420p,29.97002997003,240,8,987763
5875944717,3.9200000000,960,540,yuv420p,25,200,8,935473
6492110563,3.9200000000,960,540,yuv420p,29.97002997003,240,8,720718
6949440526,3.9200000000,960,540,yuv420p,29.97002997003,240,8,1482776
7197025396,3.9200000000,960,540,yuv420p,29.97002997003,240,8,2878875
7385692814,3.9200000000,960,540,yuv420p,29.97002997003,240,8,4541881
7832506570,3.9200000000,960,540,yuv420p,29.97002997003,240,8,1096342
8052505414,3.9200000000,960,540,yuv420p,29.97002997003,240,8,2819290
8172276744,3.9200000000,960,540,yuv420p,29.97002997003,240,8,3191818
8440192357,3.9200000000,960,540,yuv420p,29.97002997003,240,8,1436253
11864752706,3.9000000000,960,540,yuv420p,29.97002997003,240,8,2409011
12704590184,3.9000000000,960,540,yuv420p,23.976023976024,192,8,1820835
4417558772,3.9000000000,960,540,yuv420p,29.97002997003,240,8,1429592
4495254692,3.9000000000,960,540,yuv420p,23.976023976024,191,8,457671
4545845826,3.9000000000,960,540,yuv420p,29.97002997003,240,8,810509
5562932712,3.9000000000,960,540,yuv420p,23.976023976024,192,8,1599683
8414555471,3.9000000000,960,540,yuv420p,25,200,8,739731
8751856572,3.9000000000,960,540,yuv420p,29.97,240,8,2277482
8937776831,3.9000000000,960,540,yuv420p,29.97,240,8,893549
8953002659,3.9000000000,960,540,yuv420p,29.97,240,8,1539093
10636855406,3.8800000000,960,540,yuv420p,29.97,240,8,2962138
12101500915,3.8800000000,960,540,yuv420p,29.97002997003,240,8,1565137
12465909365,3.8800000000,960,540,yuv420p,29.97,240,8,651744
4713503488,3.8800000000,960,540,yuv420p,23.976023976024,192,8,1798643
5279319629,3.8800000000,960,540,yuv420p,29.97002997003,240,8,4304076
8588854353,3.8800000000,960,540,yuv420p,23.976023976024,192,8,1124374
9583034514,3.8800000000,960,540,yuv420p,29.97,240,8,2668088
5669052182,3.8798449610,960,540,yuv420p,29.97002997003,240,8,1102973
4279268661,3.8600000000,960,540,yuv420p,29.97002997003,240,8,2129697
4482595368,3.8600000000,960,540,yuv420p,29.97002997003,240,8,963234
5154464760,3.8600000000,960,540,yuv420p,25,200,8,1899693
5280283886,3.8600000000,960,540,yuv420p,29.97002997003,240,8,920666
8991258489,3.8600000000,960,540,yuv420p,24,192,8,2721051
9525693928,3.8600000000,960,540,yuv420p,29.97,240,8,857847
5360605734,3.8400000000,960,540,yuv420p,29.97002997003,240,8,1909530
5831253770,3.8400000000,960,540,yuv420p,29.97002997003,240,8,816398
5917982116,3.8400000000,960,540,yuv420p,29.97002997003,240,8,2011594
6798366426,3.8400000000,960,540,yuv420p,23.976023976024,192,8,741569
8331955206,3.8400000000,960,540,yuv420p,29.97002997003,240,8,1397068
9267867823,3.8400000000,960,540,yuv420p,29.97,240,8,2699752
9680817388,3.8400000000,960,540,yuv420p,29.97,240,8,2290102
9724431856,3.8400000000,960,540,yuv420p,29.97,240,8,612130
9753414792,3.8400000000,960,540,yuv420p,29.97,240,8,3697989
4803433208,3.8235294120,960,540,yuv420p,29.97002997003,240,8,1013625
3747645672,3.8200000000,960,540,yuv420p,24,192,8,799927
4029116553,3.8200000000,960,540,yuv420p,23.976023976024,192,8,456498
5660712402,3.8200000000,960,540,yuv420p,29.97002997003,240,8,1183200
6313769652,3.8200000000,960,540,yuv420p,29.97002997003,240,8,1139728
6971190423,3.8200000000,960,540,yuv420p,29.97002997003,240,8,600671
8431144343,3.8200000000,960,540,yuv420p,24,192,8,1026092
9542585542,3.8200000000,960,540,yuv420p,29.97,240,8,1476433
9617144245,3.8200000000,960,540,yuv420p,29.97,232,8,1586466
10027007645,3.8000000000,960,540,yuv420p,29.97,240,8,1163573
3489123822,3.8000000000,960,540,yuv420p,24,192,8,3184117
5338017301,3.8000000000,960,540,yuv420p,29.97002997003,240,8,2922038
6538025379,3.8000000000,960,540,yuv420p,29.97002997003,240,8,2043424
7066660513,3.8000000000,960,540,yuv420p,29.97002997003,240,8,636577
7954124226,3.8000000000,960,540,yuv420p,29.97002997003,240,8,1826531
8646141367,3.8000000000,960,540,yuv420p,25,200,8,1083680
8679156964,3.8000000000,960,540,yuv420p,25,200,8,1168464
8738388681,3.8000000000,960,540,yuv420p,29.97002997003,240,8,1767853
9095814754,3.8000000000,960,540,yuv420p,23.976,192,8,1576239
9390723258,3.8000000000,960,540,yuv420p,29.97,240,8,2965768
9513714022,3.8000000000,960,540,yuv420p,29.97,240,8,2016951
9740517228,3.8000000000,960,540,yuv420p,23.976,192,8,1959189
8995404511,3.7982456140,960,540,yuv420p,29.97,240,8,3386033
3358799122,3.7857142860,960,540,yuv420p,29.97002997003,240,8,2384477
4297792287,3.7800000000,960,540,yuv420p,25,200,8,1417115
4975471705,3.7800000000,960,540,yuv420p,29.97002997003,240,8,1619296
5688399126,3.7800000000,960,540,yuv420p,29.97002997003,240,8,1309024
5770178686,3.7800000000,960,540,yuv420p,23.976023976024,192,8,837328
6313200205,3.7800000000,960,540,yuv420p,29.97002997003,240,8,1714138
7644822866,3.7800000000,960,540,yuv420p,29.97002997003,240,8,1438461
9515797648,3.7800000000,960,540,yuv420p,29.97,240,8,925422
11013388203,3.7600000000,960,540,yuv420p,23.976023976024,192,8,783067
11816978255,3.7600000000,960,540,yuv420p,25,200,8,568975
4313579496,3.7600000000,960,540,yuv420p,24,192,8,364638
6416725133,3.7600000000,960,540,yuv420p,29.97002997003,240,8,2301884
6806699713,3.7600000000,960,540,yuv420p,29.97002997003,240,8,1698180
7274180028,3.7600000000,960,540,yuv420p,23.976023976024,192,8,1893575
7667993154,3.7600000000,960,540,yuv420p,29.97002997003,240,8,1340488
8118947664,3.7600000000,960,540,yuv420p,29.97002997003,240,8,1957253
8331282929,3.7600000000,960,540,yuv420p,23.976023976024,192,8,1687850
10013374164,3.7400000000,960,540,yuv420p,29.97,240,8,2436864
10541657773,3.7400000000,960,540,yuv420p,24,192,8,1339770
5212573386,3.7400000000,960,540,yuv420p,29.97002997003,240,8,783344
5705527370,3.7400000000,960,540,yuv420p,29.97002997003,240,8,1376004
7383994638,3.7400000000,960,540,yuv420p,29.97002997003,240,8,1402970
7983610133,3.7400000000,960,540,yuv420p,29.97002997003,240,8,1696406
8442879599,3.7400000000,960,540,yuv420p,29.97002997003,240,8,2291096
8480588816,3.7400000000,960,540,yuv420p,29.97002997003,240,8,1201818
8494495600,3.7400000000,960,540,yuv420p,23.976023976024,192,8,740352
8587384006,3.7400000000,960,540,yuv420p,29.97002997003,240,8,2820185
9258419063,3.7400000000,960,540,yuv420p,25,200,8,905148
9812351333,3.7400000000,960,540,yuv420p,29.97,240,8,2939207
12279842993,3.7200000000,960,540,yuv420p,29.97,240,8,3273965
12859019173,3.7200000000,960,540,yuv420p,29.97002997003,240,8,2683947
3819966572,3.7200000000,960,540,yuv420p,29.97002997003,240,8,2705556
3975461732,3.7200000000,960,540,yuv420p,29.97002997003,240,8,1108130
4201416279,3.7200000000,960,540,yuv420p,29.97002997003,240,8,2546418
4980230630,3.7200000000,960,540,yuv420p,29.97002997003,240,8,1696504
6373417661,3.7200000000,960,540,yuv420p,23.976023976024,192,8,1954246
6677269327,3.7200000000,960,540,yuv420p,29.97002997003,240,8,2465942
6772996477,3.7200000000,960,540,yuv420p,23.976023976024,192,8,2744302
6844033217,3.7200000000,960,540,yuv420p,29.97002997003,240,8,1236428
8429349812,3.7200000000,960,540,yuv420p,29.97002997003,240,8,3413750
8773297527,3.7200000000,960,540,yuv420p,29.97,240,8,4870983
9478631712,3.7063492060,960,540,yuv420p,29.97,240,8,966247
10019485755,3.7000000000,960,540,yuv420p,29.97,240,8,1356961
10837320963,3.7000000000,960,540,yuv420p,25,200,8,985477
11646665363,3.7000000000,960,540,yuv420p,29.97002997003,240,8,1326403
4363644898,3.7000000000,960,540,yuv420p,29.97002997003,240,8,2245009
4673672619,3.7000000000,960,540,yuv420p,29.97002997003,240,8,2420161
4712606231,3.7000000000,960,540,yuv420p,29.97002997003,240,8,4105152
5340069287,3.7000000000,960,540,yuv420p,29.97002997003,240,8,696866
5756899543,3.7000000000,960,540,yuv420p,29.97002997003,240,8,1436518
6598948831,3.7000000000,960,540,yuv420p,29.97002997003,240,8,1289399
7849542524,3.7000000000,960,540,yuv420p,29.97002997003,240,8,2240527
8730797431,3.7000000000,960,540,yuv420p,29.97002997003,240,8,1570762
8931854960,3.7000000000,960,540,yuv420p,29.97,240,8,1542272
3459410764,3.6929460580,960,540,yuv420p,29.97002997003,240,8,1934818
10115791113,3.6800000000,960,540,yuv420p,29.97,240,8,2356283
10403478556,3.6800000000,960,540,yuv420p,23.976,192,8,3357772
12623549414,3.6800000000,960,540,yuv420p,29.97,240,8,1526889
13079468475,3.6800000000,960,540,yuv420p,29.97,240,8,1342211
4283455837,3.6800000000,960,540,yuv420p,29.97002997003,240,8,1231799
5341444640,3.6800000000,960,540,yuv420p,23.976023976024,192,8,1976672
5739175520,3.6800000000,960,540,yuv420p,29.97002997003,240,8,943736
5831807090,3.6800000000,960,540,yuv420p,29.97002997003,240,8,4606802
6027407703,3.6800000000,960,540,yuv420p,29.97002997003,240,8,1316154
6293871635,3.6800000000,960,540,yuv420p,29.97002997003,240,8,363378
6514514177,3.6800000000,960,540,yuv420p,23.976023976024,192,8,1462006
6847647728,3.6800000000,960,540,yuv420p,29.97002997003,240,8,852751
6867862287,3.6800000000,960,540,yuv420p,29.97002997003,240,8,855621
7313643370,3.6800000000,960,540,yuv420p,29.97002997003,240,8,2200779
8088901520,3.6800000000,960,540,yuv420p,29.97002997003,240,8,1078631
8252040986,3.6800000000,960,540,yuv420p,29.97002997003,240,8,2162069
8915047035,3.6800000000,960,540,yuv420p,29.97,240,8,3613168
8741017589,3.6764705880,960,540,yuv420p,29.97,240,8,3559295
3588022983,3.6600000000,960,540,yuv420p,24,192,8,3158568
3718963712,3.6600000000,960,540,yuv420p,24,192,8,680347
4161940753,3.6600000000,960,540,yuv420p,24,192,8,2119463
4227960041,3.6600000000,960,540,yuv420p,29.97002997003,240,8,1636405
5596033251,3.6600000000,960,540,yuv420p,23.976023976024,192,8,1227942
8510251919,3.6600000000,960,540,yuv420p,29.97002997003,240,8,735967
8631895364,3.6600000000,960,540,yuv420p,29.97002997003,240,8,1429425
8683385786,3.6600000000,960,540,yuv420p,29.97002997003,240,8,2791681
8955950667,3.6600000000,960,540,yuv420p,29.97,240,8,1186310
9802042845,3.6600000000,960,540,yuv420p,29.97,240,8,1338851
10931366544,3.6400000000,960,540,yuv420p,23.976023976024,192,8,1425353
13154058393,3.6400000000,960,540,yuv420p,23.976023976024,192,8,1816769
3546788918,3.6400000000,960,540,yuv420p,29.97002997003,240,8,2021292
5082292308,3.6400000000,960,540,yuv420p,29.97002997003,240,8,1089638
5263204150,3.6400000000,960,540,yuv420p,29.97002997003,240,8,1052319
5632758635,3.6400000000,960,540,yuv420p,29.97002997003,240,8,1291417
7396603710,3.6400000000,960,540,yuv420p,29.97002997003,240,8,1262473
7992241767,3.6400000000,960,540,yuv420p,29.97002997003,240,8,2752595
8069880437,3.6400000000,960,540,yuv420p,29.97002997003,240,8,1115536
8195185860,3.6400000000,960,540,yuv420p,29.97002997003,240,8,1349726
8717647202,3.6400000000,960,540,yuv420p,25,200,8,2576868
5011231037,3.6219512200,960,540,yuv420p,29.97002997003,240,8,676938
3948863216,3.6200000000,960,540,yuv420p,24,192,8,1909747
4484771725,3.6200000000,960,540,yuv420p,29.97002997003,240,8,2402519
5693366090,3.6200000000,960,540,yuv420p,29.97002997003,240,8,1954931
6107338487,3.6200000000,960,540,yuv420p,25,200,8,581362
6625655725,3.6200000000,960,540,yuv420p,29.97002997003,240,8,1375751
6694553789,3.6200000000,960,540,yuv420p,29.97002997003,240,8,1634264
6932589551,3.6200000000,960,540,yuv420p,29.97002997003,240,8,695548
8355599976,3.6200000000,960,540,yuv420p,23.976023976024,192,8,3508135
12088104156,3.6000000000,960,540,yuv420p,29.97002997003,240,8,2559550
13286356624,3.6000000000,960,540,yuv420p,29.97002997003,240,8,2473377
3516162818,3.6000000000,960,540,yuv420p,29.97002997003,240,8,325844
3611217365,3.6000000000,960,540,yuv420p,23.976023976024,192,8,2331724
3860380907,3.6000000000,960,540,yuv420p,29.97002997003,240,8,869908
4375496636,3.6000000000,960,540,yuv420p,29.97002997003,240,8,2891180
5029525594,3.6000000000,960,540,yuv420p,29.97002997003,240,8,2594644
5067647428,3.6000000000,960,540,yuv420p,29.97002997003,240,8,3433129
5516081814,3.6000000000,960,540,yuv420p,24,192,8,1363015
6106291030,3.6000000000,960,540,yuv420p,23.976023976024,192,8,2059389
7198853624,3.6000000000,960,540,yuv420p,23.976023976024,192,8,1183179
7358630018,3.6000000000,960,540,yuv420p,23.976023976024,192,8,820846
7500126174,3.6000000000,960,540,yuv420p,24,192,8,954342
7703064692,3.6000000000,960,540,yuv420p,29.97002997003,240,8,976547
8589300397,3.6000000000,960,540,yuv420p,29.97002997003,240,8,1775602
8965205906,3.6000000000,960,540,yuv420p,29.97,240,8,1281300
9521557660,3.6000000000,960,540,yuv420p,24,192,8,2148460
12893918213,3.5992366410,960,540,yuv420p,29.97,240,8,1355402
5003956763,3.5984555980,960,540,yuv420p,29.97002997003,240,8,2351046
12382276334,3.5868725870,960,540,yuv420p,25,200,8,1285389
10657154643,3.5800000000,960,540,yuv420p,29.97,240,8,2561164
5140332158,3.5800000000,960,540,yuv420p,29.97002997003,240,8,817375
5816132223,3.5800000000,960,540,yuv420p,29.97002997003,240,8,1849311
6249802707,3.5800000000,960,540,yuv420p,29.97002997003,240,8,1612165
6300963347,3.5800000000,960,540,yuv420p,29.97002997003,240,8,864942
7935377214,3.5800000000,960,540,yuv420p,29.97002997003,240,8,4311576
7986004475,3.5800000000,960,540,yuv420p,25,200,8,2085171
8147563408,3.5800000000,960,540,yuv420p,29.97002997003,229,8,1307535
8476574247,3.5800000000,960,540,yuv420p,29.97002997003,240,8,1221379
8552723245,3.5800000000,960,540,yuv420p,23.976023976024,192,8,1622191
8610122536,3.5800000000,960,540,yuv420p,29.97002997003,240,8,1848298
9363436148,3.5800000000,960,540,yuv420p,29.97,240,8,818952
9725289895,3.5800000000,960,540,yuv420p,29.97,240,8,1523302
3722785424,3.5714285710,960,540,yuv420p,29.97002997003,240,8,763234
5678628993,3.5672268910,960,540,yuv420p,29.97002997003,240,8,959658
11803329033,3.5600000000,960,540,yuv420p,29.97,240,8,2583583
13036222674,3.5600000000,960,540,yuv420p,29.97,240,8,3314944
3647017501,3.5600000000,960,540,yuv420p,23.976023976024,192,8,922996
4397381332,3.5600000000,960,540,yuv420p,29.97002997003,240,8,1891050
5690367902,3.5600000000,960,540,yuv420p,29.97002997003,240,8,2466789
5914289359,3.5600000000,960,540,yuv420p,29.97002997003,240,8,2634858
8229018279,3.5600000000,960,540,yuv420p,29.97002997003,240,8,2182459
8886176135,3.5600000000,960,540,yuv420p,29.97,240,8,3007308
8957212602,3.5600000000,960,540,yuv420p,29.97,240,8,1611302
9586728257,3.5600000000,960,540,yuv420p,29.97,240,8,1195210
9830655414,3.5600000000,960,540,yuv420p,29.97,240,8,1864222
12893008605,3.5546558700,960,540,yuv420p,29.97,240,8,3648465
3488252741,3.5400000000,960,540,yuv420p,23.976023976024,192,8,2882626
3521396571,3.5400000000,960,540,yuv420p,29.97002997003,240,8,1012220
3860907449,3.5400000000,960,540,yuv420p,24,192,8,1519185
4837816091,3.5400000000,960,540,yuv420p,23.976023976024,192,8,912973
5215773911,3.5400000000,960,540,yuv420p,29.97002997003,240,8,1287919
5941263615,3.5400000000,960,540,yuv420p,25,200,8,5915823
6368379561,3.5400000000,960,540,yuv420p,29.97002997003,240,8,4115635
6716265511,3.5400000000,960,540,yuv420p,24,192,8,1394511
7057951213,3.5400000000,960,540,yuv420p,29.97002997003,240,8,1422894
7360639566,3.5400000000,960,540,yuv420p,29.97002997003,240,8,3107735
8201673711,3.5400000000,960,540,yuv420p,29.97002997003,240,8,1955572
8487362151,3.5400000000,960,540,yuv420p,29.97002997003,240,8,2541424
8587203405,3.5400000000,960,540,yuv420p,29.97002997003,240,8,1090223
8616015387,3.5400000000,960,540,yuv420p,29.97002997003,240,8,503683
5583994811,3.5291666670,960,540,yuv420p,29.97002997003,240,8,1899400
4373113207,3.5200000000,960,540,yuv420p,29.97002997003,240,8,2363298
4620516469,3.5200000000,960,540,yuv420p,23.976023976024,192,8,810651
4642629203,3.5200000000,960,540,yuv420p,23.976023976024,192,8,1664405
5028474013,3.5200000000,960,540,yuv420p,29.97002997003,240,8,2989051
5307981340,3.5200000000,960,540,yuv420p,29.97002997003,240,8,4456127
5459565205,3.5200000000,960,540,yuv420p,29.97002997003,237,8,1899861
5465225347,3.5200000000,960,540,yuv420p,29.97002997003,226,8,1607162
5882410880,3.5200000000,960,540,yuv420p,29.97002997003,240,8,2571422
6809728071,3.5200000000,960,540,yuv420p,29.97002997003,240,8,1539617
7585780552,3.5200000000,960,540,yuv420p,29.97002997003,240,8,2097170
8664958871,3.5200000000,960,540,yuv420p,25,200,8,760223
12277706754,3.5000000000,960,540,yuv420p,29.97,240,8,4023384
12412571563,3.5000000000,960,540,yuv420p,29.97,240,8,3141773
3437816776,3.5000000000,960,540,yuv420p,24,192,8,815336
3459287580,3.5000000000,960,540,yuv420p,23.976023976024,192,8,1789140
4567868868,3.5000000000,960,540,yuv420p,29.97002997003,240,8,2676131
4942462682,3.5000000000,960,540,yuv420p,29.97002997003,240,8,4020702
5079146602,3.5000000000,960,540,yuv420p,24,192,8,876767
5379891328,3.5000000000,960,540,yuv420p,29.97002997003,240,8,1741581
5845660280,3.5000000000,960,540,yuv420p,25,200,8,2669414
6272702003,3.5000000000,960,540,yuv420p,29.97002997003,240,8,2330514
6279406877,3.5000000000,960,540,yuv420p,29.97002997003,240,8,2104166
6722692103,3.5000000000,960,540,yuv420p,24,192,8,917529
6907839104,3.5000000000,960,540,yuv420p,23.976023976024,192,8,3458294
7236880666,3.5000000000,960,540,yuv420p,29.97002997003,240,8,827996
8408744905,3.5000000000,960,540,yuv420p,29.97002997003,240,8,1393750
8491617830,3.5000000000,960,540,yuv420p,23.976023976024,192,8,1347280
4281436885,3.4943396230,960,540,yuv420p,24,192,8,519355
5564650233,3.4842519690,960,540,yuv420p,29.97002997003,240,8,1131053
5354932311,3.4803149610,960,540,yuv420p,24,192,8,1190289
13196703974,3.4800000000,960,540,yuv420p,25,200,8,988877
3629928686,3.4800000000,960,540,yuv420p,29.97002997003,240,8,2651778
4161747134,3.4800000000,960,540,yuv420p,29.97002997003,240,8,2392113
4733600732,3.4800000000,960,540,yuv420p,29.97002997003,240,8,2832695
4751595925,3.4800000000,960,540,yuv420p,29.97002997003,240,8,860521
5032172516,3.4800000000,960,540,yuv420p,29.97002997003,240,8,999384
5052341075,3.4800000000,960,540,yuv420p,23.976023976024,192,8,977252
5273433233,3.4800000000,960,540,yuv420p,29.97002997003,240,8,2108316
6095633507,3.4800000000,960,540,yuv420p,29.97002997003,240,8,564594
6215522900,3.4800000000,960,540,yuv420p,29.97002997003,240,8,1641724
6849313907,3.4800000000,960,540,yuv420p,29.97002997003,240,8,1644063
7012065923,3.4800000000,960,540,yuv420p,29.97002997003,240,8,1577933
7287123594,3.4800000000,960,540,yuv420p,29.97002997003,240,8,2220603
7892371292,3.4800000000,960,540,yuv420p,29.97002997003,240,8,4293045
8084631711,3.4800000000,960,540,yuv420p,24,192,8,849881
8495275628,3.4800000000,960,540,yuv420p,29.97002997003,240,8,3910334
8646170532,3.4800000000,960,540,yuv420p,29.97002997003,240,8,4422713
8921577578,3.4800000000,960,540,yuv420p,29.97,240,8,1956381
4763574191,3.4692307690,960,540,yuv420p,29.97002997003,240,8,534353
10053703034,3.4600000000,960,540,yuv420p,29.97,240,8,1023177
4736973814,3.4600000000,960,540,yuv420p,29.97002997003,240,8,3929996
4801224837,3.4600000000,960,540,yuv420p,24,192,8,794004
5956380805,3.4600000000,960,540,yuv420p,29.97002997003,240,8,1307076
6340576433,3.4600000000,960,540,yuv420p,29.97002997003,240,8,3700257
6946901845,3.4600000000,960,540,yuv420p,29.97002997003,240,8,1161515
7054450817,3.4600000000,960,540,yuv420p,24,192,8,955740
7425861358,3.4600000000,960,540,yuv420p,29.97002997003,240,8,1612879
8918155991,3.4600000000,960,540,yuv420p,29.97,240,8,1821971
12143576166,3.4400000000,960,540,yuv420p,29.97,240,8,758084
2999049224,3.4400000000,960,540,yuv420p,29.97002997003,240,8,1579292
3627681183,3.4400000000,960,540,yuv420p,29.97002997003,240,8,3925605
3825035703,3.4400000000,960,540,yuv420p,29.97002997003,240,8,2629748
4743183444,3.4400000000,960,540,yuv420p,29.97002997003,240,8,4320244
4801560427,3.4400000000,960,540,yuv420p,29.97002997003,240,8,2277666
5357123491,3.4400000000,960,540,yuv420p,23.976023976024,192,8,1152075
5920289173,3.4400000000,960,540,yuv420p,29.97002997003,240,8,3482975
6411380421,3.4400000000,960,540,yuv420p,29.97002997003,240,8,1400964
7521145978,3.4400000000,960,540,yuv420p,29.97002997003,240,8,1215298
7622034108,3.4400000000,960,540,yuv420p,29.97002997003,240,8,2450609
8026448058,3.4400000000,960,540,yuv420p,25,200,8,1002961
4088281204,3.4377682400,960,540,yuv420p,29.97002997003,240,8,1960431
10270536464,3.4200000000,960,540,yuv420p,29.97,240,8,5651667
11920895013,3.4200000000,960,540,yuv420p,29.97002997003,240,8,2901286
4328729913,3.4200000000,960,540,yuv420p,29.97002997003,240,8,4188336
4877128768,3.4200000000,960,540,yuv420p,29.97002997003,240,8,716353
5911601461,3.4200000000,960,540,yuv420p,23.976023976024,192,8,921697
5947649803,3.4200000000,960,540,yuv420p,29.97002997003,240,8,4018018
6621826551,3.4200000000,960,540,yuv420p,29.97002997003,240,8,1519105
6648629457,3.4200000000,960,540,yuv420p,23.976023976024,192,8,791027
7198246948,3.4200000000,960,540,yuv420p,29.97002997003,240,8,1637333
8178490084,3.4200000000,960,540,yuv420p,29.97002997003,240,8,1790556
8267321210,3.4200000000,960,540,yuv420p,29.97002997003,240,8,1397488
8455309721,3.4200000000,960,540,yuv420p,29.97002997003,240,8,1593190
9633125766,3.4200000000,960,540,yuv420p,29.97,240,8,2023198
9732912473,3.4200000000,960,540,yuv420p,29.97,240,8,3821800
9969637164,3.4200000000,960,540,yuv420p,29.97,240,8,1606163
10124821225,3.4000000000,960,540,yuv420p,29.97,240,8,1838213
10249998364,3.4000000000,960,540,yuv420p,23.976,187,8,1749857
11617643563,3.4000000000,960,540,yuv420p,29.97002997003,240,8,788073
12823937005,3.4000000000,960,540,yuv420p,29.97,240,8,1397107
4289215378,3.4000000000,960,540,yuv420p,29.97002997003,240,8,1619332
5902098420,3.4000000000,960,540,yuv420p,29.97002997003,240,8,3296275
6226852017,3.4000000000,960,540,yuv420p,29.97002997003,240,8,1337807
6300501644,3.4000000000,960,540,yuv420p,24,192,8,905091
6350328925,3.4000000000,960,540,yuv420p,23.976023976024,192,8,2396503
6792594754,3.4000000000,960,540,yuv420p,29.97002997003,240,8,1218668
6794539977,3.4000000000,960,540,yuv420p,25,200,8,2774963
7146539585,3.4000000000,960,540,yuv420p,29.97002997003,240,8,3104565
7664727482,3.4000000000,960,540,yuv420p,29.97002997003,240,8,2540670
8097209231,3.4000000000,960,540,yuv420p,29.97002997003,240,8,1725214
8380926104,3.4000000000,960,540,yuv420p,29.97002997003,240,8,2886213
9277742312,3.4000000000,960,540,yuv420p,29.97,240,8,4846662
6242642418,3.3983739840,960,540,yuv420p,29.97002997003,240,8,1095699
3699089579,3.3800000000,960,540,yuv420p,24,192,8,1235538
3810054574,3.3800000000,960,540,yuv420p,29.97002997003,240,8,4827782
5130906896,3.3800000000,960,540,yuv420p,24,192,8,801802
5245445672,3.3800000000,960,540,yuv420p,29.97002997003,240,8,2438495
5526460224,3.3800000000,960,540,yuv420p,29.97002997003,240,8,1190320
5541058845,3.3800000000,960,540,yuv420p,29.97002997003,240,8,1122261
5611452609,3.3800000000,960,540,yuv420p,29.97002997003,240,8,3630232
6004183559,3.3800000000,960,540,yuv420p,29.97002997003,240,8,1929286
6319757818,3.3800000000,960,540,yuv420p,29.97002997003,240,8,970609
7541374876,3.3800000000,960,540,yuv420p,29.97002997003,240,8,1094579
8424428827,3.3800000000,960,540,yuv420p,29.97002997003,240,8,2434642
8484812859,3.3800000000,960,540,yuv420p,29.97002997003,240,8,1319432
8716622241,3.3800000000,960,540,yuv420p,29.97002997003,240,8,4136170
9317770917,3.3800000000,960,540,yuv420p,29.97,240,8,1459690
12276570315,3.3652173910,960,540,yuv420p,24,192,8,941619
12020933633,3.3600000000,960,540,yuv420p,25,200,8,970893
4931493432,3.3600000000,960,540,yuv420p,29.97002997003,240,8,1279889
5363205423,3.3600000000,960,540,yuv420p,24,192,8,44663
5641862023,3.3600000000,960,540,yuv420p,29.97002997003,240,8,505222
5769119862,3.3600000000,960,540,yuv420p,29.97002997003,240,8,3075767
6012598017,3.3600000000,960,540,yuv420p,29.97002997003,240,8,1007433
6157684615,3.3600000000,960,540,yuv420p,29.97002997003,240,8,2795270
6416687735,3.3600000000,960,540,yuv420p,29.97002997003,240,8,876115
6490001399,3.3600000000,960,540,yuv420p,24,192,8,647983
6811275923,3.3600000000,960,540,yuv420p,23.976023976024,192,8,1138532
7760313026,3.3600000000,960,540,yuv420p,29.97002997003,240,8,2085418
8236900278,3.3600000000,960,540,yuv420p,24,192,8,986584
8548046708,3.3600000000,960,540,yuv420p,23.976023976024,192,8,2654046
9737640625,3.3600000000,960,540,yuv420p,23.976,181,8,1640694
5455582932,3.3522727270,960,540,yuv420p,29.97002997003,240,8,3002561
10838934973,3.3400000000,960,540,yuv420p,29.97,240,8,1577614
11971608074,3.3400000000,960,540,yuv420p,29.97002997003,240,8,887823
4337949901,3.3400000000,960,540,yuv420p,24,192,8,1093169
4526948676,3.3400000000,960,540,yuv420p,29.97002997003,240,8,1323882
5621520605,3.3400000000,960,540,yuv420p,29.97002997003,240,8,2623500
5912268467,3.3400000000,960,540,yuv420p,29.97002997003,240,8,2422561
6304997355,3.3400000000,960,540,yuv420p,29.97002997003,240,8,3160327
8522230898,3.3400000000,960,540,yuv420p,23.976023976024,192,8,1033542
9209826160,3.3400000000,960,540,yuv420p,29.97,240,8,1965682
9434801897,3.3400000000,960,540,yuv420p,25,200,8,2598911
9586935224,3.3400000000,960,540,yuv420p,29.97,240,8,835344
10340094005,3.3200000000,960,540,yuv420p,29.97,240,8,2216241
11673027224,3.3200000000,960,540,yuv420p,29.97002997003,240,8,1278827
4260295122,3.3200000000,960,540,yuv420p,29.97002997003,240,8,3165846
4265466447,3.3200000000,960,540,yuv420p,24,192,8,1884298
4945025836,3.3200000000,960,540,yuv420p,24,192,8,773471
5023426388,3.3200000000,960,540,yuv420p,29.97002997003,240,8,3644321
5101801222,3.3200000000,960,540,yuv420p,29.97002997003,240,8,1266286
5579073175,3.3200000000,960,540,yuv420p,25,200,8,89378
5825661459,3.3200000000,960,540,yuv420p,29.97002997003,240,8,1763473
6041834062,3.3200000000,960,540,yuv420p,29.97002997003,240,8,1175480
6471207533,3.3200000000,960,540,yuv420p,24,192,8,1159987
6866970306,3.3200000000,960,540,yuv420p,29.97002997003,240,8,1367150
8069868772,3.3200000000,960,540,yuv420p,29.97002997003,240,8,802567
8967888670,3.3200000000,960,540,yuv420p,24,192,8,4274180
3337642103,3.3086419750,960,540,yuv420p,29.97002997003,240,8,1448037
11082897705,3.3000000000,960,540,yuv420p,29.97,240,8,1512156
12836715003,3.3000000000,960,540,yuv420p,29.97,240,8,653293
4391946048,3.3000000000,960,540,yuv420p,29.97002997003,227,8,1515943
4573734018,3.3000000000,960,540,yuv420p,29.97002997003,240,8,2026615
5318369391,3.3000000000,960,540,yuv420p,29.97002997003,240,8,1535100
5512609909,3.3000000000,960,540,yuv420p,29.97002997003,240,8,5633995
5672502803,3.3000000000,960,540,yuv420p,29.97002997003,240,8,1863564
6079632868,3.3000000000,960,540,yuv420p,25,200,8,1620284
6291796040,3.3000000000,960,540,yuv420p,29.97002997003,240,8,638931
6680559525,3.3000000000,960,540,yuv420p,29.97002997003,240,8,1877910
6865667129,3.3000000000,960,540,yuv420p,29.97002997003,240,8,4374016
6981897920,3.3000000000,960,540,yuv420p,29.97002997003,240,8,3595740
7548202460,3.3000000000,960,540,yuv420p,29.97002997003,240,8,1485984
7700672030,3.3000000000,960,540,yuv420p,29.97002997003,240,8,3176148
7834396986,3.3000000000,960,540,yuv420p,29.97002997003,240,8,822669
8031519344,3.3000000000,960,540,yuv420p,29.97002997003,240,8,1707266
8322973249,3.3000000000,960,540,yuv420p,29.97002997003,240,8,1566406
8387302863,3.3000000000,960,540,yuv420p,29.97002997003,240,8,1020678
9659398278,3.3000000000,960,540,yuv420p,29.97,240,8,1458800
11086166076,3.2800000000,960,540,yuv420p,29.97,240,8,1498061
12816380173,3.2800000000,960,540,yuv420p,23.976023976024,192,8,2910255
4184711791,3.2800000000,960,540,yuv420p,24,192,8,2143363
4729578673,3.2800000000,960,540,yuv420p,29.97002997003,240,8,1181488
5030830413,3.2800000000,960,540,yuv420p,29.97002997003,240,8,5393003
5127033299,3.2800000000,960,540,yuv420p,29.97002997003,240,8,1039321
5206708965,3.2800000000,960,540,yuv420p,24,192,8,1119471
5995204968,3.2800000000,960,540,yuv420p,29.97002997003,240,8,4656396
6444142351,3.2800000000,960,540,yuv420p,29.97002997003,240,8,1789775
6937597827,3.2800000000,960,540,yuv420p,29.97002997003,240,8,4430036
7547764246,3.2800000000,960,540,yuv420p,29.97002997003,240,8,2387228
8298917863,3.2800000000,960,540,yuv420p,24,192,8,1315200
8541047953,3.2800000000,960,540,yuv420p,29.97002997003,240,8,433187
9086621277,3.2800000000,960,540,yuv420p,24,192,8,808299
9726323401,3.2720000000,960,540,yuv420p,29.97,240,8,992847
5010279097,3.2689075630,960,540,yuv420p,24,192,8,2394270
10655599784,3.2600000000,960,540,yuv420p,29.97,240,8,2241053
12330492194,3.2600000000,960,540,yuv420p,29.97,240,8,3189095
12788630734,3.2600000000,960,540,yuv420p,29.97002997003,240,8,641573
4323977167,3.2600000000,960,540,yuv420p,29.97002997003,240,8,2160676
4981160522,3.2600000000,960,540,yuv420p,29.97002997003,240,8,3444050
5005236579,3.2600000000,960,540,yuv420p,29.97002997003,240,8,1012488
5539585646,3.2600000000,960,540,yuv420p,29.97002997003,240,8,1243111
6381011947,3.2600000000,960,540,yuv420p,29.97002997003,240,8,2717754
6408909511,3.2600000000,960,540,yuv420p,29.97002997003,240,8,1745725
6660107279,3.2600000000,960,540,yuv420p,29.97002997003,240,8,2404339
6868748154,3.2600000000,960,540,yuv420p,25,200,8,701881
8193379879,3.2600000000,960,540,yuv420p,24,192,8,1358375
9675032717,3.2600000000,960,540,yuv420p,25,200,8,1360395
7123482247,3.2580645160,960,540,yuv420p,23.976023976024,192,8,1026124
10408715786,3.2537313430,960,540,yuv420p,29.97,240,8,2019225
10533906564,3.2400000000,960,540,yuv420p,29.97,240,8,2847785
11902527296,3.2400000000,960,540,yuv420p,29.97002997003,240,8,572207
12682619933,3.2400000000,960,540,yuv420p,29.97,240,8,823285
12989512873,3.2400000000,960,540,yuv420p,23.976,192,8,1673721
4557456762,3.2400000000,960,540,yuv420p,29.97002997003,240,8,1216595
4987165854,3.2400000000,960,540,yuv420p,29.97002997003,240,8,348866
5921571324,3.2400000000,960,540,yuv420p,29.97002997003,240,8,2685358
6760172457,3.2400000000,960,540,yuv420p,24,192,8,4587583
6894958520,3.2400000000,960,540,yuv420p,29.97002997003,240,8,5167862
6935410837,3.2400000000,960,540,yuv420p,25,200,8,3492371
8207372644,3.2400000000,960,540,yuv420p,29.97002997003,240,8,3319496
8772282000,3.2400000000,960,540,yuv420p,29.97002997003,240,8,1667588
5900513019,3.2316602320,960,540,yuv420p,29.97002997003,240,8,571991
10314276135,3.2200000000,960,540,yuv420p,29.97,240,8,1358618
4542323058,3.2200000000,960,540,yuv420p,29.97002997003,240,8,1871139
4842303128,3.2200000000,960,540,yuv420p,29.97002997003,240,8,1414405
5026138416,3.2200000000,960,540,yuv420p,29.97002997003,240,8,2115046
5356092090,3.2200000000,960,540,yuv420p,29.97002997003,240,8,1495127
5879908897,3.2200000000,960,540,yuv420p,25,200,8,2227399
6210381577,3.2200000000,960,540,yuv420p,24,192,8,1751235
8240363350,3.2200000000,960,540,yuv420p,29.97002997003,240,8,576440
8643275693,3.2200000000,960,540,yuv420p,29.97002997003,240,8,1755607
8717841410,3.2200000000,960,540,yuv420p,29.97002997003,240,8,2091159
13276560083,3.2000000000,960,540,yuv420p,29.97002997003,240,8,1292327
3482706595,3.2000000000,960,540,yuv420p,29.97002997003,240,8,2194000
4136131472,3.2000000000,960,540,yuv420p,24,192,8,807913
4281880002,3.2000000000,960,540,yuv420p,24,192,8,934132
4843048363,3.2000000000,960,540,yuv420p,29.97002997003,240,8,2932430
4922109288,3.2000000000,960,540,yuv420p,29.97002997003,240,8,1201526
5066571585,3.2000000000,960,540,yuv420p,29.97002997003,240,8,870403
5360118581,3.2000000000,960,540,yuv420p,29.97002997003,240,8,2584843
6273360207,3.2000000000,960,540,yuv420p,29.97002997003,240,8,1127141
6669111911,3.2000000000,960,540,yuv420p,29.97002997003,240,8,1993908
7481217984,3.2000000000,960,540,yuv420p,29.97002997003,240,8,470981
8486027818,3.2000000000,960,540,yuv420p,29.97002997003,240,8,2852516
8986658663,3.2000000000,960,540,yuv420p,29.97,240,8,1197767
9085955167,3.2000000000,960,540,yuv420p,29.97,240,8,3574999
12965735905,3.1800000000,960,540,yuv420p,29.97,240,8,875136
4406917423,3.1800000000,960,540,yuv420p,23.976023976024,192,8,792942
5040855662,3.1800000000,960,540,yuv420p,29.97002997003,240,8,1385725
5075205526,3.1800000000,960,540,yuv420p,24,192,8,1454657
5214650735,3.1800000000,960,540,yuv420p,29.97002997003,240,8,1242613
5723108521,3.1800000000,960,540,yuv420p,29.97002997003,240,8,2089181
6333567508,3.1800000000,960,540,yuv420p,29.97002997003,240,8,1132916
6868110990,3.1800000000,960,540,yuv420p,29.97002997003,240,8,3652474
6995540661,3.1800000000,960,540,yuv420p,29.97002997003,240,8,3422387
8467238180,3.1800000000,960,540,yuv420p,29.97002997003,240,8,3003640
11944451643,3.1600000000,960,540,yuv420p,29.97002997003,240,8,1001722
3589925544,3.1600000000,960,540,yuv420p,24,192,8,1521756
4067736860,3.1600000000,960,540,yuv420p,29.97002997003,240,8,1182077
4652600104,3.1600000000,960,540,yuv420p,29.97002997003,240,8,1381882
5246827285,3.1600000000,960,540,yuv420p,24,192,8,1221776
5467704373,3.1600000000,960,540,yuv420p,29.97002997003,240,8,2215725
5618829039,3.1600000000,960,540,yuv420p,29.97002997003,240,8,2237754
6100104774,3.1600000000,960,540,yuv420p,29.97002997003,240,8,4098053
6191735552,3.1600000000,960,540,yuv420p,29.97002997003,240,8,533999
6571028091,3.1600000000,960,540,yuv420p,29.97002997003,240,8,1670644
7341359052,3.1600000000,960,540,yuv420p,29.97002997003,240,8,1590036
7591242800,3.1600000000,960,540,yuv420p,25,200,8,2159415
8148981356,3.1600000000,960,540,yuv420p,29.97002997003,240,8,2193235
8254380270,3.1600000000,960,540,yuv420p,24,192,8,1042934
8435518163,3.1600000000,960,540,yuv420p,29.97002997003,240,8,1860376
8670600555,3.1600000000,960,540,yuv420p,29.97002997003,240,8,1815846
9195826668,3.1600000000,960,540,yuv420p,29.97,240,8,1101477
9536307250,3.1600000000,960,540,yuv420p,29.97,240,8,2667005
3240926995,3.1484375000,960,540,yuv420p,29.97002997003,240,8,1669912
10864372176,3.1400000000,960,540,yuv420p,29.97002997003,240,8,2667656
3699539878,3.1400000000,960,540,yuv420p,24,192,8,997145
4202404174,3.1400000000,960,540,yuv420p,29.97002997003,240,8,2177669
4582086726,3.1400000000,960,540,yuv420p,29.97002997003,240,8,3848321
4979493912,3.1400000000,960,540,yuv420p,29.97002997003,240,8,2340914
5987864177,3.1400000000,960,540,yuv420p,29.97002997003,240,8,1890041
6021943274,3.1400000000,960,540,yuv420p,23.976023976024,192,8,4541432
6109922367,3.1400000000,960,540,yuv420p,29.97002997003,240,8,1722759
8152764264,3.1400000000,960,540,yuv420p,29.97002997003,240,8,1562561
8156543755,3.1400000000,960,540,yuv420p,29.97002997003,240,8,3494212
8266961231,3.1400000000,960,540,yuv420p,29.97002997003,240,8,3313226
8281263977,3.1400000000,960,540,yuv420p,29.97002997003,240,8,3421120
5589046662,3.1344537820,960,540,yuv420p,29.97002997003,240,8,1360921
3664548641,3.1215686270,960,540,yuv420p,24,192,8,1280998
10208239954,3.1200000000,960,540,yuv420p,29.97,240,8,772291
10804894696,3.1200000000,960,540,yuv420p,23.976023976024,192,8,2348560
13042523904,3.1200000000,960,540,yuv420p,29.97002997003,240,8,2580660
13255378043,3.1200000000,960,540,yuv420p,29.97002997003,240,8,712048
3425371223,3.1200000000,960,540,yuv420p,29.97002997003,240,8,758184
4809572333,3.1200000000,960,540,yuv420p,23.976023976024,192,8,957554
4864754515,3.1200000000,960,540,yuv420p,24,192,8,1773292
5176278265,3.1200000000,960,540,yuv420p,29.97002997003,240,8,3123286
5590704113,3.1200000000,960,540,yuv420p,29.97002997003,240,8,4331056
5706858082,3.1200000000,960,540,yuv420p,29.97002997003,240,8,2761892
6047579133,3.1200000000,960,540,yuv420p,29.97002997003,240,8,979974
6527804569,3.1200000000,960,540,yuv420p,24,192,8,1418029
6582418637,3.1200000000,960,540,yuv420p,29.97002997003,240,8,747088
6932519097,3.1200000000,960,540,yuv420p,29.97002997003,240,8,2752849
8056761129,3.1200000000,960,540,yuv420p,29.97002997003,240,8,1556614
8129160337,3.1200000000,960,540,yuv420p,29.97002997003,240,8,2106572
8536800170,3.1200000000,960,540,yuv420p,24,192,8,1453205
10602272313,3.1000000000,960,540,yuv420p,29.97,240,8,1712723
10609570083,3.1000000000,960,540,yuv420p,29.97,240,8,1306251
12626612584,3.1000000000,960,540,yuv420p,29.97,240,8,971909
12899309364,3.1000000000,960,540,yuv420p,29.97,240,8,744554
3015973424,3.1000000000,960,540,yuv420p,23.976023976024,192,8,602939
4593126957,3.1000000000,960,540,yuv420p,29.97002997003,240,8,1655065
5143368697,3.1000000000,960,540,yuv420p,29.97002997003,240,8,3059700
5250183455,3.1000000000,960,540,yuv420p,29.97002997003,240,8,1839996
5974403907,3.1000000000,960,540,yuv420p,23.976023976024,192,8,739867
6696625151,3.1000000000,960,540,yuv420p,29.97002997003,240,8,1514195
6948249567,3.1000000000,960,540,yuv420p,29.97002997003,240,8,3018780
7520968610,3.1000000000,960,540,yuv420p,29.97002997003,240,8,1023186
7693986854,3.1000000000,960,540,yuv420p,29.97002997003,240,8,1072849
8039435442,3.1000000000,960,540,yuv420p,29.97002997003,240,8,945517
9093682547,3.1000000000,960,540,yuv420p,23.976,192,8,3233472
10116604143,3.0800000000,960,540,yuv420p,23.976,192,8,2418959
3359662128,3.0800000000,960,540,yuv420p,23.976023976024,192,8,2328441
3617102785,3.0800000000,960,540,yuv420p,29.97002997003,240,8,1038352
4491961485,3.0800000000,960,540,yuv420p,24,192,8,1241413
4761429801,3.0800000000,960,540,yuv420p,24,192,8,1952307
4867899444,3.0800000000,960,540,yuv420p,29.97002997003,240,8,3364818
4969714039,3.0800000000,960,540,yuv420p,29.97002997003,240,8,4472100
5115193359,3.0800000000,960,540,yuv420p,29.97002997003,240,8,1404048
5223525504,3.0800000000,960,540,yuv420p,29.97002997003,240,8,1805918
5260933475,3.0800000000,960,540,yuv420p,24,192,8,1394740
6104508040,3.0800000000,960,540,yuv420p,29.97002997003,240,8,1412791
6250048696,3.0800000000,960,540,yuv420p,29.97002997003,240,8,3831003
6338210961,3.0800000000,960,540,yuv420p,29.97002997003,240,8,5490825
6439107119,3.0800000000,960,540,yuv420p,29.97002997003,240,8,1296751
6867926575,3.0800000000,960,540,yuv420p,29.97002997003,240,8,1436039
8253260683,3.0800000000,960,540,yuv420p,24,192,8,1499146
8565847545,3.0800000000,960,540,yuv420p,29.97002997003,240,8,6491672
8733102851,3.0800000000,960,540,yuv420p,29.97002997003,240,8,3562232
11403577283,3.0600000000,960,540,yuv420p,23.976023976024,192,8,987844
3431305644,3.0600000000,960,540,yuv420p,24,192,8,2858403
4383007820,3.0600000000,960,540,yuv420p,29.97002997003,240,8,2281127
4850105788,3.0600000000,960,540,yuv420p,29.97002997003,240,8,1985186
4876943348,3.0600000000,960,540,yuv420p,29.97002997003,240,8,2685455
5458000924,3.0600000000,960,540,yuv420p,29.97002997003,240,8,982252
5815295661,3.0600000000,960,540,yuv420p,29.97002997003,240,8,1587150
6060761361,3.0600000000,960,540,yuv420p,29.97002997003,240,8,3158646
6181812275,3.0600000000,960,540,yuv420p,29.97002997003,240,8,1342350
8005708131,3.0600000000,960,540,yuv420p,29.97002997003,240,8,2637004
8124951690,3.0600000000,960,540,yuv420p,29.97002997003,240,8,1041968
9766188655,3.0600000000,960,540,yuv420p,29.97,240,8,2647098
10838718774,3.0400000000,960,540,yuv420p,29.97,240,8,1618155
3263720175,3.0400000000,960,540,yuv420p,23.976023976024,192,8,2315848
3321308714,3.0400000000,960,540,yuv420p,23.976023976024,192,8,1583276
3904711682,3.0400000000,960,540,yuv420p,29.97002997003,240,8,4087392
5218123691,3.0400000000,960,540,yuv420p,24,192,8,1639133
5329960963,3.0400000000,960,540,yuv420p,24,192,8,726956
5633788395,3.0400000000,960,540,yuv420p,29.97002997003,240,8,3242865
5972627544,3.0400000000,960,540,yuv420p,24,192,8,1626059
6671136435,3.0400000000,960,540,yuv420p,29.97002997003,240,8,2973691
6959318659,3.0400000000,960,540,yuv420p,29.97002997003,240,8,950296
7548330816,3.0400000000,960,540,yuv420p,23.976023976024,192,8,1148612
7969995368,3.0400000000,960,540,yuv420p,29.97002997003,240,8,941546
9459232387,3.0400000000,960,540,yuv420p,29.97,240,8,2232466
4335304419,3.0200000000,960,540,yuv420p,29.97002997003,240,8,2089024
4414516665,3.0200000000,960,540,yuv420p,25,200,8,2322810
4615948555,3.0200000000,960,540,yuv420p,23.976023976024,192,8,1827119
5479646341,3.0200000000,960,540,yuv420p,29.97002997003,240,8,1945058
5717841095,3.0200000000,960,540,yuv420p,23.976023976024,192,8,1985480
6021794037,3.0200000000,960,540,yuv420p,29.97002997003,240,8,783490
6518466029,3.0200000000,960,540,yuv420p,24,192,8,1130132
6953979425,3.0200000000,960,540,yuv420p,29.97002997003,240,8,2450508
6971497024,3.0200000000,960,540,yuv420p,29.97002997003,240,8,1991816
7453163014,3.0200000000,960,540,yuv420p,24,192,8,3817058
7526781566,3.0200000000,960,540,yuv420p,29.97002997003,240,8,3177058
7542896986,3.0200000000,960,540,yuv420p,24,192,8,1545038
8072548302,3.0200000000,960,540,yuv420p,29.97002997003,240,8,2603556
8331470149,3.0200000000,960,540,yuv420p,23.976023976024,192,8,1356873
9089204842,3.0200000000,960,540,yuv420p,23.976,192,8,1215385
9098899158,3.0200000000,960,540,yuv420p,23.976,192,8,814419
10838546955,3.0000000000,960,540,yuv420p,29.97,240,8,2241338
12044525214,3.0000000000,960,540,yuv420p,29.97,240,8,771245
4723346787,3.0000000000,960,540,yuv420p,29.97002997003,240,8,1929706
4771991539,3.0000000000,960,540,yuv420p,24,192,8,1153756
5218188823,3.0000000000,960,540,yuv420p,24,192,8,1802301
5440091902,3.0000000000,960,540,yuv420p,29.97002997003,240,8,1208359
5622498540,3.0000000000,960,540,yuv420p,29.97002997003,240,8,2547057
5737374844,3.0000000000,960,540,yuv420p,24,192,8,1281998
5786034294,3.0000000000,960,540,yuv420p,23.976023976024,192,8,2531448
5996750151,3.0000000000,960,540,yuv420p,24,192,8,1479958
6281135899,3.0000000000,960,540,yuv420p,29.97002997003,240,8,2956135
8976267501,3.0000000000,960,540,yuv420p,29.97,240,8,754682
9425570317,3.0000000000,960,540,yuv420p,24,192,8,2313320
12274927193,2.9800000000,960,540,yuv420p,23.976023976024,192,8,1271553
4956991827,2.9800000000,960,540,yuv420p,29.97002997003,240,8,2693941
5169144673,2.9800000000,960,540,yuv420p,29.97002997003,240,8,1347571
6858182534,2.9800000000,960,540,yuv420p,29.97002997003,240,8,4522832
7402519316,2.9800000000,960,540,yuv420p,29.97002997003,240,8,2572580
7681404078,2.9800000000,960,540,yuv420p,29.97002997003,240,8,987122
8007634384,2.9800000000,960,540,yuv420p,29.97002997003,240,8,2790389
8151400613,2.9800000000,960,540,yuv420p,29.97002997003,240,8,2982240
8688311915,2.9800000000,960,540,yuv420p,29.97002997003,240,8,1536038
10016324794,2.9600000000,960,540,yuv420p,23.976,192,8,2238398
11913590004,2.9600000000,960,540,yuv420p,24,192,8,3765100
3357588876,2.9600000000,960,540,yuv420p,25,200,8,938192
4286406568,2.9600000000,960,540,yuv420p,29.97002997003,240,8,768316
4870064087,2.9600000000,960,540,yuv420p,29.97002997003,240,8,1587738
5698463243,2.9600000000,960,540,yuv420p,25,200,8,1934344
6775766604,2.9600000000,960,540,yuv420p,29.97002997003,240,8,1438081
6804829908,2.9600000000,960,540,yuv420p,29.97002997003,240,8,1221126
7897815844,2.9600000000,960,540,yuv420p,29.97002997003,240,8,4100348
8299847304,2.9600000000,960,540,yuv420p,24,192,8,699468
9908050493,2.9600000000,960,540,yuv420p,29.97,226,8,2014452
4020832533,2.9486166010,960,540,yuv420p,23.976023976024,184,8,1363902
12758594775,2.9400000000,960,540,yuv420p,29.97002997003,240,8,2501960
4932309592,2.9400000000,960,540,yuv420p,29.97002997003,240,8,4097070
5204063512,2.9400000000,960,540,yuv420p,29.97002997003,240,8,2457455
5559135240,2.9400000000,960,540,yuv420p,24,192,8,1483267
6638842709,2.9400000000,960,540,yuv420p,29.97002997003,240,8,5721523
6830500351,2.9400000000,960,540,yuv420p,29.97002997003,240,8,2314276
7556474634,2.9400000000,960,540,yuv420p,29.97002997003,240,8,3416868
8223463984,2.9400000000,960,540,yuv420p,29.97002997003,240,8,1233751
8563986596,2.9400000000,960,540,yuv420p,29.97002997003,240,8,4636315
7208119980,2.9338521400,960,540,yuv420p,29.97002997003,240,8,637828
12633847193,2.9200000000,960,540,yuv420p,29.97,240,8,3502431
3218223446,2.9200000000,960,540,yuv420p,29.97002997003,240,8,800799
3710887216,2.9200000000,960,540,yuv420p,29.97002997003,240,8,4066451
4453069241,2.9200000000,960,540,yuv420p,29.97002997003,240,8,1079384
4465669054,2.9200000000,960,540,yuv420p,24,192,8,1384148
6408210773,2.9200000000,960,540,yuv420p,23.976023976024,192,8,1380828
6694501209,2.9200000000,960,540,yuv420p,29.97002997003,240,8,2468121
7395710342,2.9200000000,960,540,yuv420p,29.97002997003,240,8,1026164
6849945228,2.9179687500,960,540,yuv420p,23.976023976024,192,8,2133904
12186470506,2.9000000000,960,540,yuv420p,29.97002997003,240,8,2143827
3715429501,2.9000000000,960,540,yuv420p,29.97002997003,240,8,3055921
4236199952,2.9000000000,960,540,yuv420p,29.97002997003,240,8,1000422
4971091773,2.9000000000,960,540,yuv420p,24,192,8,681868
5469530975,2.9000000000,960,540,yuv420p,29.97002997003,240,8,2225937
5649370618,2.9000000000,960,540,yuv420p,29.97002997003,240,8,2011461
5823644068,2.9000000000,960,540,yuv420p,24,192,8,1128479
5988574543,2.9000000000,960,540,yuv420p,29.97002997003,240,8,4973944
5999732346,2.9000000000,960,540,yuv420p,24,192,8,920962
7141804343,2.9000000000,960,540,yuv420p,29.97002997003,240,8,3428654
8132161360,2.9000000000,960,540,yuv420p,24,192,8,1403183
9144368303,2.9000000000,960,540,yuv420p,23.976,192,8,2248935
3781419322,2.8978723400,960,540,yuv420p,23.976023976024,192,8,1181104
10521676086,2.8800000000,960,540,yuv420p,29.97,240,8,3270905
12923454185,2.8800000000,960,540,yuv420p,29.97002997003,240,8,778401
3179649855,2.8800000000,960,540,yuv420p,23.976023976024,192,8,2405691
4367069947,2.8800000000,960,540,yuv420p,24,192,8,433566
5170915466,2.8800000000,960,540,yuv420p,29.97002997003,240,8,1033815
5311187352,2.8800000000,960,540,yuv420p,29.97002997003,240,8,1123875
5490599661,2.8800000000,960,540,yuv420p,29.97002997003,240,8,1338946
5561000398,2.8800000000,960,540,yuv420p,24,192,8,908722
6065207696,2.8800000000,960,540,yuv420p,29.97002997003,240,8,4644489
6812860936,2.8800000000,960,540,yuv420p,29.97002997003,240,8,2728123
7122092993,2.8800000000,960,540,yuv420p,29.97002997003,240,8,3951396
9812197286,2.8800000000,960,540,yuv420p,29.97,240,8,2807203
10128248563,2.8600000000,960,540,yuv420p,29.97,240,8,3338251
10500520233,2.8600000000,960,540,yuv420p,29.97,240,8,1845230
12912266335,2.8600000000,960,540,yuv420p,24,192,8,1221753
3930579113,2.8600000000,960,540,yuv420p,29.97002997003,240,8,2446231
4033322131,2.8600000000,960,540,yuv420p,29.97002997003,240,8,854176
4297535685,2.8600000000,960,540,yuv420p,29.97002997003,240,8,1551099
5653702857,2.8600000000,960,540,yuv420p,29.97002997003,240,8,2228117
5668795950,2.8600000000,960,540,yuv420p,24,192,8,1517922
6062892973,2.8600000000,960,540,yuv420p,29.97002997003,240,8,6374485
6092433561,2.8600000000,960,540,yuv420p,29.97002997003,240,8,1300986
7005478889,2.8600000000,960,540,yuv420p,23.976023976024,192,8,4456630
7117529219,2.8600000000,960,540,yuv420p,29.97002997003,240,8,2464766
7246583832,2.8600000000,960,540,yuv420p,24,192,8,349941
7381539666,2.8600000000,960,540,yuv420p,29.97002997003,240,8,1074304
8098521993,2.8600000000,960,540,yuv420p,29.97002997003,240,8,1800322
8842319020,2.8600000000,960,540,yuv420p,23.976,192,8,490932
9083519636,2.8600000000,960,540,yuv420p,29.97,240,8,2931541
4299787720,2.8498023720,960,540,yuv420p,29.97002997003,240,8,4088771
10691750555,2.8400000000,960,540,yuv420p,23.976,192,8,2631444
12816958564,2.8400000000,960,540,yuv420p,25,200,8,2638265
3583315023,2.8400000000,960,540,yuv420p,24,192,8,2154376
5379210063,2.8400000000,960,540,yuv420p,29.97002997003,240,8,2719775
6320892865,2.8400000000,960,540,yuv420p,23.976023976024,192,8,810254
6916420878,2.8400000000,960,540,yuv420p,24,192,8,850002
8366966088,2.8400000000,960,540,yuv420p,29.97002997003,240,8,3004191
8396734122,2.8400000000,960,540,yuv420p,24,192,8,1697943
4734666961,2.8200000000,960,540,yuv420p,29.97002997003,240,8,1648172
4901210888,2.8200000000,960,540,yuv420p,29.97002997003,240,8,899417
5149271412,2.8200000000,960,540,yuv420p,29.97002997003,240,8,1669567
5609569195,2.8200000000,960,540,yuv420p,29.97002997003,240,8,3901116
6135877141,2.8200000000,960,540,yuv420p,24,192,8,1171870
6874423527,2.8200000000,960,540,yuv420p,24,192,8,655553
7556185878,2.8200000000,960,540,yuv420p,24,192,8,1011413
7734422826,2.8200000000,960,540,yuv420p,29.97002997003,240,8,2572879
3469529939,2.8000000000,960,540,yuv420p,29.97002997003,240,8,2730649
4956521693,2.8000000000,960,540,yuv420p,29.97002997003,240,8,2252848
7068941889,2.8000000000,960,540,yuv420p,29.97002997003,240,8,5628432
8182593817,2.8000000000,960,540,yuv420p,29.97002997003,240,8,4042700
7532463480,2.7928286850,960,540,yuv420p,29.97002997003,240,8,1336760
11057110163,2.7800000000,960,540,yuv420p,29.97002997003,240,8,2351550
5003283158,2.7800000000,960,540,yuv420p,29.97002997003,240,8,1925396
6061346837,2.7800000000,960,540,yuv420p,29.97002997003,240,8,1523191
6210062524,2.7800000000,960,540,yuv420p,24,192,8,1249185
6879288904,2.7800000000,960,540,yuv420p,24,192,8,1071484
7192436890,2.7800000000,960,540,yuv420p,29.97002997003,240,8,1788693
7633708420,2.7800000000,960,540,yuv420p,23.976023976024,192,8,1021538
8403451337,2.7800000000,960,540,yuv420p,29.97002997003,240,8,1367173
8728910927,2.7800000000,960,540,yuv420p,24,192,8,1279395
8909265380,2.7800000000,960,540,yuv420p,29.97,240,8,2368405
7344072960,2.7698744770,960,540,yuv420p,24,192,8,878816
5118641893,2.7600000000,960,540,yuv420p,24,192,8,878135
5322533709,2.7600000000,960,540,yuv420p,29.97002997003,240,8,792120
6178882861,2.7600000000,960,540,yuv420p,29.97002997003,240,8,2423502
6324422954,2.7600000000,960,540,yuv420p,29.97002997003,240,8,2615091
7812985864,2.7600000000,960,540,yuv420p,29.97002997003,240,8,3660542
7820483368,2.7600000000,960,540,yuv420p,29.97002997003,240,8,3165463
7879889838,2.7600000000,960,540,yuv420p,29.97002997003,240,8,3203488
8002170390,2.7600000000,960,540,yuv420p,25,200,8,580483
9382662040,2.7600000000,960,540,yuv420p,24,192,8,1011309
3878700690,2.7400000000,960,540,yuv420p,29.97002997003,240,8,3202987
4211514567,2.7400000000,960,540,yuv420p,24,192,8,1290275
5012335397,2.7400000000,960,540,yuv420p,29.97002997003,240,8,3410075
5263261013,2.7400000000,960,540,yuv420p,29.97002997003,240,8,2273283
5754220740,2.7400000000,960,540,yuv420p,24,192,8,1327969
5901642116,2.7400000000,960,540,yuv420p,29.97002997003,240,8,2229432
6058824138,2.7400000000,960,540,yuv420p,29.97002997003,240,8,1294062
6111574885,2.7400000000,960,540,yuv420p,29.97002997003,240,8,2971803
7173586391,2.7400000000,960,540,yuv420p,23.976023976024,192,8,1431646
7361913318,2.7400000000,960,540,yuv420p,23.976023976024,192,8,3562094
8459254855,2.7400000000,960,540,yuv420p,29.97002997003,240,8,2367966
8479364057,2.7400000000,960,540,yuv420p,23.976023976024,192,8,4045634
9494995600,2.7400000000,960,540,yuv420p,24,192,8,1073935
4477789338,2.7200000000,960,540,yuv420p,24,192,8,1788912
5295005655,2.7200000000,960,540,yuv420p,24,192,8,3599216
6864942042,2.7200000000,960,540,yuv420p,24,192,8,1012141
6867937233,2.7200000000,960,540,yuv420p,29.97002997003,240,8,1030375
6924551254,2.7200000000,960,540,yuv420p,29.97002997003,240,8,6657727
7005111650,2.7200000000,960,540,yuv420p,23.976023976024,192,8,1340279
8531461869,2.7200000000,960,540,yuv420p,24,192,8,3476568
8586743266,2.7200000000,960,540,yuv420p,29.97002997003,240,8,1943511
11367153336,2.7000000000,960,540,yuv420p,29.97002997003,240,8,846299
3590551873,2.7000000000,960,540,yuv420p,29.97002997003,240,8,980197
4783174196,2.7000000000,960,540,yuv420p,29.97002997003,240,8,904230
5893880541,2.7000000000,960,540,yuv420p,23.976023976024,192,8,677508
6982428911,2.7000000000,960,540,yuv420p,29.97002997003,240,8,6289580
7734563104,2.7000000000,960,540,yuv420p,23.976023976024,192,8,3530221
8215074237,2.7000000000,960,540,yuv420p,24,192,8,814579
8729448612,2.7000000000,960,540,yuv420p,29.97,240,8,650162
9248029519,2.7000000000,960,540,yuv420p,29.97,240,8,937293
5880475570,2.6956521740,960,540,yuv420p,25,200,8,2622170
11425159465,2.6800000000,960,540,yuv420p,29.97,240,8,2725753
3861648412,2.6800000000,960,540,yuv420p,24,192,8,1062306
4626131441,2.6800000000,960,540,yuv420p,23.976023976024,192,8,1354902
5111411754,2.6800000000,960,540,yuv420p,29.97002997003,240,8,1502086
5162398156,2.6800000000,960,540,yuv420p,29.97002997003,240,8,862602
5203755303,2.6800000000,960,540,yuv420p,29.97002997003,225,8,2936339
5418971855,2.6800000000,960,540,yuv420p,29.97002997003,240,8,1272352
6554989029,2.6800000000,960,540,yuv420p,24,192,8,2584212
6868246166,2.6800000000,960,540,yuv420p,24,192,8,2124077
8689455432,2.6800000000,960,540,yuv420p,29.97002997003,240,8,1383750
9387089233,2.6800000000,960,540,yuv420p,29.97,240,8,1762725
11925275803,2.6600000000,960,540,yuv420p,29.97002997003,240,8,2540242
13291575674,2.6600000000,960,540,yuv420p,29.97002997003,240,8,1427573
5694745216,2.6600000000,960,540,yuv420p,24,192,8,763153
5827345790,2.6600000000,960,540,yuv420p,29.97002997003,240,8,3428979
6059786344,2.6600000000,960,540,yuv420p,29.97002997003,240,8,936301
6208528782,2.6600000000,960,540,yuv420p,29.97002997003,240,8,1956406
7616950966,2.6600000000,960,540,yuv420p,29.97002997003,240,8,3010756
8230249635,2.6600000000,960,540,yuv420p,29.97002997003,240,8,2606337
8235549337,2.6600000000,960,540,yuv420p,29.97002997003,240,8,1686712
12032110574,2.6400000000,960,540,yuv420p,25,200,8,1900583
4565232312,2.6400000000,960,540,yuv420p,29.97002997003,240,8,1162745
4836718842,2.6400000000,960,540,yuv420p,29.97002997003,240,8,1842863
5110540070,2.6400000000,960,540,yuv420p,29.97002997003,240,8,2679713
6296962313,2.6400000000,960,540,yuv420p,29.97002997003,240,8,3394195
6343817087,2.6400000000,960,540,yuv420p,29.97002997003,240,8,968996
7959542546,2.6400000000,960,540,yuv420p,24,192,8,2522889
8319369964,2.6400000000,960,540,yuv420p,29.97002997003,240,8,3830238
10406095776,2.6200000000,960,540,yuv420p,29.97,240,8,2175866
6073473868,2.6200000000,960,540,yuv420p,24,192,8,1179730
6280406572,2.6200000000,960,540,yuv420p,24,192,8,1847763
8667333526,2.6200000000,960,540,yuv420p,25,200,8,364975
8078127133,2.6188679250,960,540,yuv420p,29.97002997003,240,8,1603813
11435365925,2.6000000000,960,540,yuv420p,29.97,240,8,3416042
5222599467,2.6000000000,960,540,yuv420p,29.97002997003,240,8,1363699
5369095478,2.6000000000,960,540,yuv420p,29.97002997003,240,8,1459824
6096558457,2.6000000000,960,540,yuv420p,29.97002997003,240,8,2677941
6346933640,2.6000000000,960,540,yuv420p,23.976023976024,192,8,891713
6838572151,2.6000000000,960,540,yuv420p,24,192,8,1050628
6971905222,2.6000000000,960,540,yuv420p,29.97002997003,240,8,1611853
7151780093,2.6000000000,960,540,yuv420p,29.97002997003,240,8,579725
7383232724,2.6000000000,960,540,yuv420p,29.97002997003,240,8,2989244
8078333220,2.6000000000,960,540,yuv420p,29.97002997003,240,8,1868098
5147152978,2.5976095620,960,540,yuv420p,29.97002997003,240,8,1422611
10238939436,2.5800000000,960,540,yuv420p,23.976,192,8,2021581
12031712185,2.5800000000,960,540,yuv420p,25,200,8,1534598
3591184129,2.5800000000,960,540,yuv420p,29.97002997003,240,8,2359101
4573266245,2.5800000000,960,540,yuv420p,29.97002997003,240,8,2262375
5805360253,2.5800000000,960,540,yuv420p,24,192,8,433766
6215542986,2.5800000000,960,540,yuv420p,29.97002997003,240,8,2353228
6929069239,2.5800000000,960,540,yuv420p,29.97002997003,240,8,5835723
8217524401,2.5800000000,960,540,yuv420p,24,192,8,648537
9524637688,2.5800000000,960,540,yuv420p,29.97,240,8,1839755
4573314147,2.5600000000,960,540,yuv420p,29.97002997003,240,8,1208971
4642004278,2.5600000000,960,540,yuv420p,29.97002997003,240,8,2512309
4996677282,2.5600000000,960,540,yuv420p,29.97002997003,240,8,2499656
5266562897,2.5600000000,960,540,yuv420p,29.97002997003,240,8,3226551
6223104346,2.5600000000,960,540,yuv420p,29.97002997003,240,8,2268566
6724048499,2.5600000000,960,540,yuv420p,29.97002997003,240,8,1000182
7819697028,2.5600000000,960,540,yuv420p,29.97002997003,240,8,2307328
9651230522,2.5600000000,960,540,yuv420p,29.97,240,8,863049
4270576961,2.5400000000,960,540,yuv420p,29.97002997003,240,8,905723
5409101281,2.5400000000,960,540,yuv420p,29.97002997003,240,8,860570
5644303578,2.5400000000,960,540,yuv420p,29.97002997003,240,8,333596
6024650797,2.5400000000,960,540,yuv420p,29.97002997003,240,8,1470133
8583146942,2.5400000000,960,540,yuv420p,29.97002997003,240,8,2704507
8604343265,2.5400000000,960,540,yuv420p,23.976023976024,192,8,1254207
10411421606,2.5200000000,960,540,yuv420p,29.97,240,8,451902
4159445902,2.5200000000,960,540,yuv420p,23.976023976024,192,8,3127178
4889669313,2.5200000000,960,540,yuv420p,29.97002997003,240,8,2032439
5004709068,2.5200000000,960,540,yuv420p,23.976023976024,192,8,2366780
5621374631,2.5200000000,960,540,yuv420p,29.97002997003,240,8,2093796
5636445745,2.5200000000,960,540,yuv420p,29.97002997003,240,8,2384235
5960200024,2.5200000000,960,540,yuv420p,29.97002997003,240,8,2085652
6294328198,2.5200000000,960,540,yuv420p,29.97002997003,240,8,1134984
6812062788,2.5200000000,960,540,yuv420p,29.97002997003,240,8,1283637
7938991482,2.5200000000,960,540,yuv420p,29.97002997003,240,8,1568482
12439507093,2.5000000000,960,540,yuv420p,24,192,8,1115992
12952440214,2.5000000000,960,540,yuv420p,29.97002997003,240,8,1164056
5072411175,2.5000000000,960,540,yuv420p,24,192,8,3397541
5493602442,2.5000000000,960,540,yuv420p,24,192,8,1475523
5620430600,2.5000000000,960,540,yuv420p,29.97002997003,240,8,1222156
6015938306,2.5000000000,960,540,yuv420p,29.97002997003,240,8,2861689
8675766145,2.5000000000,960,540,yuv420p,29.97002997003,240,8,1183170
9298912586,2.5000000000,960,540,yuv420p,24,192,8,1257825
3744752110,2.4800000000,960,540,yuv420p,24,192,8,1051587
4871910775,2.4800000000,960,540,yuv420p,29.97002997003,240,8,3848671
5319413177,2.4800000000,960,540,yuv420p,24,192,8,1639544
5858864133,2.4800000000,960,540,yuv420p,29.97002997003,240,8,2113735
5941894437,2.4800000000,960,540,yuv420p,29.97002997003,240,8,1054341
6340146486,2.4800000000,960,540,yuv420p,25,200,8,829140
7177427229,2.4800000000,960,540,yuv420p,23.976023976024,192,8,2893793
8013211059,2.4800000000,960,540,yuv420p,25,200,8,1271126
8317937019,2.4800000000,960,540,yuv420p,29.97002997003,240,8,4382841
8699104416,2.4800000000,960,540,yuv420p,23.976023976024,192,8,1307180
8731237129,2.4800000000,960,540,yuv420p,24,192,8,2210648
10785115855,2.4600000000,960,540,yuv420p,29.97,240,8,1081489
4897814885,2.4600000000,960,540,yuv420p,25,200,8,1538675
5119193300,2.4600000000,960,540,yuv420p,29.97002997003,240,8,1576586
5346134105,2.4600000000,960,540,yuv420p,29.97002997003,240,8,3534717
5550087163,2.4600000000,960,540,yuv420p,29.97002997003,240,8,871146
5564209652,2.4600000000,960,540,yuv420p,29.97002997003,240,8,1644642
5668545266,2.4600000000,960,540,yuv420p,24,192,8,758382
6422437813,2.4600000000,960,540,yuv420p,29.97002997003,240,8,1141751
7708735292,2.4600000000,960,540,yuv420p,24,192,8,1000449
8039356416,2.4600000000,960,540,yuv420p,29.97002997003,240,8,2099479
8532196494,2.4600000000,960,540,yuv420p,29.97002997003,240,8,1119954
3561516939,2.4400000000,960,540,yuv420p,29.97002997003,240,8,1173549
5268797415,2.4400000000,960,540,yuv420p,24,192,8,1085873
5914119796,2.4400000000,960,540,yuv420p,29.97002997003,240,8,2111705
7547384258,2.4400000000,960,540,yuv420p,29.97002997003,240,8,2467295
3339387387,2.4200000000,960,540,yuv420p,29.97002997003,240,8,1576145
4866009712,2.4200000000,960,540,yuv420p,29.97002997003,240,8,3033865
5392736832,2.4200000000,960,540,yuv420p,24,192,8,640560
5415012877,2.4200000000,960,540,yuv420p,23.976023976024,192,8,947056
7495255120,2.4200000000,960,540,yuv420p,23.976023976024,192,8,3275070
8092884510,2.4200000000,960,540,yuv420p,24,192,8,723567
11359714186,2.4000000000,960,540,yuv420p,29.97,240,8,672363
12099271596,2.4000000000,960,540,yuv420p,24,192,8,1725701
3343535739,2.4000000000,960,540,yuv420p,29.97002997003,240,8,563725
4095112467,2.4000000000,960,540,yuv420p,29.97002997003,240,8,1385502
5020714258,2.4000000000,960,540,yuv420p,23.976023976024,192,8,1777388
5424989067,2.4000000000,960,540,yuv420p,29.97002997003,240,8,1396490
5850199057,2.4000000000,960,540,yuv420p,29.97002997003,240,8,797458
5858312093,2.4000000000,960,540,yuv420p,29.97002997003,240,8,1985432
6096480589,2.4000000000,960,540,yuv420p,29.97002997003,240,8,1108843
6469679863,2.4000000000,960,540,yuv420p,29.97002997003,240,8,1507646
6917745987,2.4000000000,960,540,yuv420p,23.976023976024,192,8,4718009
7136906983,2.4000000000,960,540,yuv420p,29.97002997003,240,8,3087658
7897750494,2.4000000000,960,540,yuv420p,24,192,8,266425
8140107150,2.4000000000,960,540,yuv420p,24,192,8,1302784
8281880253,2.4000000000,960,540,yuv420p,24,192,8,1122609
8933125503,2.4000000000,960,540,yuv420p,29.97,240,8,2621294
3504083604,2.3800000000,960,540,yuv420p,29.97002997003,240,8,1410371
4472493392,2.3800000000,960,540,yuv420p,23.976023976024,192,8,1636859
5865474554,2.3800000000,960,540,yuv420p,29.97002997003,240,8,420686
6497857295,2.3800000000,960,540,yuv420p,29.97002997003,240,8,1429821
7517202292,2.3800000000,960,540,yuv420p,29.97002997003,240,8,1293514
8415984918,2.3800000000,960,540,yuv420p,23.976023976024,192,8,1934297
4506003922,2.3600000000,960,540,yuv420p,23.976023976024,192,8,1446331
5107749210,2.3600000000,960,540,yuv420p,29.97002997003,240,8,1408491
5790468384,2.3600000000,960,540,yuv420p,24,192,8,2154488
7722155622,2.3600000000,960,540,yuv420p,24,192,8,1012969
8591330227,2.3600000000,960,540,yuv420p,25,200,8,3681501
8635322862,2.3600000000,960,540,yuv420p,29.97002997003,240,8,1154995
9717753449,2.3600000000,960,540,yuv420p,23.976,192,8,1739911
3763235915,2.3438735180,960,540,yuv420p,24,192,8,2721039
12387439244,2.3400000000,960,540,yuv420p,29.97,240,8,3200218
4258186896,2.3400000000,960,540,yuv420p,29.97002997003,240,8,1396853
7550224002,2.3400000000,960,540,yuv420p,24,192,8,1330520
10404182556,2.3200000000,960,540,yuv420p,29.97,240,8,1233315
4773686738,2.3200000000,960,540,yuv420p,29.97002997003,240,8,919553
4970919913,2.3200000000,960,540,yuv420p,24,192,8,1378880
5133219451,2.3200000000,960,540,yuv420p,24,185,8,2893428
6270222640,2.3200000000,960,540,yuv420p,29.97002997003,240,8,1241157
7175971942,2.3200000000,960,540,yuv420p,29.97002997003,240,8,947463
7287459080,2.3200000000,960,540,yuv420p,29.97002997003,240,8,2598830
8304230962,2.3200000000,960,540,yuv420p,24,192,8,2087695
8632107216,2.3200000000,960,540,yuv420p,29.97002997003,240,8,1963664
10127250986,2.3000000000,960,540,yuv420p,29.97,240,8,3054112
10201521555,2.3000000000,960,540,yuv420p,23.976,192,8,1628162
3318634083,2.3000000000,960,540,yuv420p,29.97002997003,240,8,1824519
4629711727,2.3000000000,960,540,yuv420p,24,192,8,3836022
5266882983,2.3000000000,960,540,yuv420p,29.97002997003,240,8,537752
5412442677,2.3000000000,960,540,yuv420p,29.97002997003,240,8,1600194
5777975441,2.3000000000,960,540,yuv420p,29.97002997003,240,8,3327102
5869559051,2.3000000000,960,540,yuv420p,29.97002997003,240,8,2911300
8478531549,2.3000000000,960,540,yuv420p,29.97002997003,240,8,3819301
5009379117,2.2995951420,960,540,yuv420p,29.97002997003,235,8,2632182
11469243925,2.2800000000,960,540,yuv420p,29.97,240,8,4808864
3533765114,2.2800000000,960,540,yuv420p,24,192,8,1392371
4735334918,2.2800000000,960,540,yuv420p,29.97002997003,240,8,1010096
5014400375,2.2800000000,960,540,yuv420p,29.97002997003,240,8,2926774
6329730783,2.2800000000,960,540,yuv420p,24,192,8,1058028
7390590300,2.2800000000,960,540,yuv420p,23.976023976024,192,8,703807
8251526312,2.2800000000,960,540,yuv420p,29.97002997003,240,8,3323965
8440795977,2.2800000000,960,540,yuv420p,29.97002997003,240,8,1405100
8479579728,2.2800000000,960,540,yuv420p,29.97002997003,240,8,3284228
8507613491,2.2800000000,960,540,yuv420p,29.97002997003,240,8,4560749
11237101334,2.2600000000,960,540,yuv420p,24,192,8,2443381
3934294391,2.2600000000,960,540,yuv420p,29.97002997003,240,8,1050763
4206970561,2.2600000000,960,540,yuv420p,23.976023976024,192,8,836403
4966446054,2.2600000000,960,540,yuv420p,24,192,8,4797517
5093919014,2.2600000000,960,540,yuv420p,29.97002997003,240,8,993592
5134417428,2.2600000000,960,540,yuv420p,29.97002997003,240,8,2860773
5419510404,2.2600000000,960,540,yuv420p,25,200,8,1566330
5636101558,2.2600000000,960,540,yuv420p,24,192,8,883071
8729280042,2.2600000000,960,540,yuv420p,24,192,8,1289100
9234105504,2.2600000000,960,540,yuv420p,23.976,192,8,1296437
9256674744,2.2600000000,960,540,yuv420p,29.97,240,8,1103283
6629527951,2.2549800800,960,540,yuv420p,24,192,8,968550
6740483069,2.2421875000,960,540,yuv420p,29.97002997003,240,8,2949580
3374751086,2.2400000000,960,540,yuv420p,23.976023976024,192,8,1302597
4005506137,2.2400000000,960,540,yuv420p,23.976023976024,192,8,719272
4915461487,2.2400000000,960,540,yuv420p,24,192,8,3150855
5045897151,2.2400000000,960,540,yuv420p,29.97002997003,240,8,993985
5208145791,2.2400000000,960,540,yuv420p,29.97002997003,240,8,1440576
5310216885,2.2400000000,960,540,yuv420p,29.97002997003,240,8,2259280
5453773681,2.2400000000,960,540,yuv420p,29.97002997003,240,8,2542537
5806274886,2.2400000000,960,540,yuv420p,24,192,8,3612844
6059351914,2.2400000000,960,540,yuv420p,24,192,8,743329
7548305462,2.2400000000,960,540,yuv420p,23.976023976024,192,8,1073039
10716551125,2.2200000000,960,540,yuv420p,25,200,8,4445582
5433352304,2.2200000000,960,540,yuv420p,29.97002997003,240,8,1221963
5553355582,2.2200000000,960,540,yuv420p,29.97002997003,240,8,838934
6123040072,2.2200000000,960,540,yuv420p,24,192,8,1225480
8320880668,2.2200000000,960,540,yuv420p,24,192,8,732191
8433382995,2.2200000000,960,540,yuv420p,23.976023976024,192,8,983242
9189459433,2.2200000000,960,540,yuv420p,25,200,8,2278941
9455400456,2.2200000000,960,540,yuv420p,24,192,8,1110795
4866613201,2.2000000000,960,540,yuv420p,29.97002997003,240,8,2483813
4914377539,2.2000000000,960,540,yuv420p,29.97002997003,240,8,4279817
5031142078,2.2000000000,960,540,yuv420p,24,192,8,2946649
6173852301,2.2000000000,960,540,yuv420p,29.97002997003,240,8,1609051
6370967061,2.2000000000,960,540,yuv420p,24,192,8,847736
8731159058,2.2000000000,960,540,yuv420p,29.97,240,8,1358870
10102107193,2.1800000000,960,540,yuv420p,25,200,8,986384
5044148124,2.1800000000,960,540,yuv420p,29.97002997003,240,8,1708945
5460258278,2.1800000000,960,540,yuv420p,29.97002997003,240,8,871262
7962972726,2.1800000000,960,540,yuv420p,29.97002997003,240,8,1844205
8278672659,2.1800000000,960,540,yuv420p,23.976023976024,192,8,679149
8685321568,2.1800000000,960,540,yuv420p,24,181,8,2325609
11061444876,2.1600000000,960,540,yuv420p,29.97002997003,240,8,3108914
11907021903,2.1600000000,960,540,yuv420p,29.97,240,8,2689311
12461764004,2.1600000000,960,540,yuv420p,23.976023976024,192,8,2377508
4820762619,2.1600000000,960,540,yuv420p,29.97002997003,240,8,563535
5115335471,2.1600000000,960,540,yuv420p,29.97002997003,240,8,2775867
5819852885,2.1600000000,960,540,yuv420p,29.97002997003,240,8,1633401
8324243833,2.1600000000,960,540,yuv420p,29.97002997003,240,8,918914
5078125268,2.1400000000,960,540,yuv420p,29.97002997003,240,8,1991876
6149591212,2.1400000000,960,540,yuv420p,29.97002997003,240,8,996838
6346026937,2.1400000000,960,540,yuv420p,23.976023976024,192,8,1563355
8587927758,2.1400000000,960,540,yuv420p,24,192,8,1758140
5134310379,2.1200000000,960,540,yuv420p,29.97002997003,240,8,4686538
8069024908,2.1200000000,960,540,yuv420p,29.97002997003,240,8,1106746
9136867624,2.1200000000,960,540,yuv420p,29.97,240,8,1050104
7917797604,2.1056603770,960,540,yuv420p,29.97002997003,240,8,1246349
10625504535,2.1000000000,960,540,yuv420p,29.97,240,8,2203974
8144762018,2.1000000000,960,540,yuv420p,24,192,8,3077792
8477990214,2.1000000000,960,540,yuv420p,24,192,8,564714
9000209228,2.1000000000,960,540,yuv420p,25,200,8,1868895
9564154386,2.1000000000,960,540,yuv420p,29.97,240,8,733034
8554748075,2.0890688260,960,540,yuv420p,23.976023976024,192,8,1557667
3496871384,2.0800000000,960,540,yuv420p,29.97002997003,240,8,2369498
4775312025,2.0800000000,960,540,yuv420p,29.97002997003,240,8,1040049
5625415555,2.0800000000,960,540,yuv420p,23.976023976024,192,8,2153520
7651248048,2.0800000000,960,540,yuv420p,24,192,8,1738501
8336226077,2.0800000000,960,540,yuv420p,29.97002997003,240,8,6974376
8372557828,2.0800000000,960,540,yuv420p,29.97002997003,240,8,873804
9618443862,2.0800000000,960,540,yuv420p,29.97,240,8,1343133
9765162404,2.0800000000,960,540,yuv420p,29.97,240,8,2347535
10716218856,2.0600000000,960,540,yuv420p,23.976,192,8,1268324
4639129836,2.0600000000,960,540,yuv420p,29.97002997003,240,8,3035962
4959664675,2.0600000000,960,540,yuv420p,24,192,8,1488168
5733977738,2.0600000000,960,540,yuv420p,24,192,8,1372174
6212970517,2.0600000000,960,540,yuv420p,29.97002997003,240,8,1085578
7123683275,2.0600000000,960,540,yuv420p,24,192,8,663468
7171297739,2.0600000000,960,540,yuv420p,23.976023976024,192,8,1663446
8195899669,2.0600000000,960,540,yuv420p,29.97002997003,240,8,4465727
9427595515,2.0600000000,960,540,yuv420p,29.97,240,8,1706856
5460445525,2.0400000000,960,540,yuv420p,24,192,8,755931
5506184490,2.0400000000,960,540,yuv420p,29.97002997003,240,8,2211039
5956265529,2.0400000000,960,540,yuv420p,29.97002997003,240,8,1314685
6120978816,2.0400000000,960,540,yuv420p,24,192,8,1558258
8582023917,2.0400000000,960,540,yuv420p,29.97002997003,240,8,2232344
8663100289,2.0348837210,960,540,yuv420p,24,192,8,658835
6749780445,2.0200000000,960,540,yuv420p,29.97002997003,240,8,1287928
7545358086,2.0200000000,960,540,yuv420p,24,192,8,1252515
8110008288,2.0200000000,960,540,yuv420p,24,192,8,1599118
8527434285,2.0200000000,960,540,yuv420p,29.97002997003,240,8,946632
4907486229,2.0000000000,960,540,yuv420p,29.97002997003,240,8,673103
6008700446,2.0000000000,960,540,yuv420p,29.97002997003,240,8,2168459
8592011515,2.0000000000,960,540,yuv420p,24,192,8,552183
8339870239,1.9920634920,960,540,yuv420p,24,192,8,3065402
4823416929,1.9800000000,960,540,yuv420p,29.97002997003,240,8,1016245
4991520511,1.9800000000,960,540,yuv420p,29.97002997003,240,8,1029739
7087189849,1.9800000000,960,540,yuv420p,24,192,8,2858911
8257892715,1.9800000000,960,540,yuv420p,29.97002997003,240,8,602498
9047671138,1.9800000000,960,540,yuv420p,29.97,240,8,3635582
4677538291,1.9600000000,960,540,yuv420p,29.97002997003,240,8,584515
4933934170,1.9600000000,960,540,yuv420p,29.97002997003,240,8,2383890
6299595444,1.9600000000,960,540,yuv420p,29.97002997003,240,8,2269284
11688667226,1.9400000000,960,540,yuv420p,29.97,240,8,742384
5504464599,1.9400000000,960,540,yuv420p,24,192,8,1446096
6131895268,1.9400000000,960,540,yuv420p,29.97002997003,240,8,714423
9814654176,1.9400000000,960,540,yuv420p,29.97,240,8,1364245
7495449440,1.9200000000,960,540,yuv420p,29.97002997003,240,8,1899799
8017059368,1.9071729960,960,540,yuv420p,29.97002997003,240,8,1778850
6661657005,1.9000000000,960,540,yuv420p,29.97002997003,240,8,2254007
7983363078,1.9000000000,960,540,yuv420p,24,192,8,1332074
10417424703,1.8800000000,960,540,yuv420p,29.97,240,8,1863137
6783810490,1.8800000000,960,540,yuv420p,29.97002997003,240,8,1095468
11095294653,1.8600000000,960,540,yuv420p,29.97,240,8,1546690
3770747002,1.8600000000,960,540,yuv420p,29.97002997003,240,8,1525456
5935222726,1.8600000000,960,540,yuv420p,29.97002997003,240,8,869967
5962679589,1.8600000000,960,540,yuv420p,29.97002997003,240,8,1106569
7848940332,1.8600000000,960,540,yuv420p,29.97002997003,240,8,1686006
6268902756,1.8431372550,960,540,yuv420p,23.976023976024,192,8,2960461
4879585643,1.8400000000,960,540,yuv420p,29.97002997003,240,8,3970485
5043852749,1.8400000000,960,540,yuv420p,29.97002997003,235,8,1262158
5048882871,1.8400000000,960,540,yuv420p,24,192,8,2315453
5150451769,1.8400000000,960,540,yuv420p,25,200,8,1467477
8625682550,1.8400000000,960,540,yuv420p,24,192,8,1894602
4905336825,1.8281250000,960,540,yuv420p,29.97002997003,240,8,1763386
10694139655,1.8200000000,960,540,yuv420p,23.976,192,8,1618218
4321531777,1.8200000000,960,540,yuv420p,29.97002997003,240,8,1733578
6275674780,1.8200000000,960,540,yuv420p,24,192,8,1084049
6323632937,1.8200000000,960,540,yuv420p,24,192,8,1018693
9058636581,1.8200000000,960,540,yuv420p,29.97,240,8,1908924
12567402335,1.8000000000,960,540,yuv420p,29.97,240,8,6275575
6268574586,1.8000000000,960,540,yuv420p,23.976023976024,192,8,1129750
6497033987,1.8000000000,960,540,yuv420p,29.97002997003,240,8,1335176
6792979288,1.7800000000,960,540,yuv420p,24,192,8,462474
7863416600,1.7800000000,960,540,yuv420p,29.97002997003,240,8,1927217
7978973307,1.7800000000,960,540,yuv420p,29.97002997003,240,8,1062602
11635304003,1.7400000000,960,540,yuv420p,29.97002997003,240,8,1474077
4834450895,1.7400000000,960,540,yuv420p,29.97002997003,240,8,1114758
5266893553,1.7400000000,960,540,yuv420p,29.97002997003,240,8,1366585
5475555707,1.7400000000,960,540,yuv420p,29.97002997003,240,8,1484799
4204485800,1.7297297300,960,540,yuv420p,29.97002997003,240,8,1811677
5542380796,1.7200000000,960,540,yuv420p,24,185,8,1430291
5993312864,1.7200000000,960,540,yuv420p,29.97002997003,240,8,740084
6369679907,1.7200000000,960,540,yuv420p,29.97002997003,240,8,4876223
10178280003,1.7000000000,960,540,yuv420p,29.97,240,8,1782811
10650618913,1.7000000000,960,540,yuv420p,29.97,240,8,1677344
4627984833,1.7000000000,960,540,yuv420p,29.97002997003,240,8,2523698
6223028206,1.6800000000,960,540,yuv420p,29.97002997003,240,8,2582809
6238991743,1.6800000000,960,540,yuv420p,29.97002997003,240,8,2503857
7558781186,1.6800000000,960,540,yuv420p,25,200,8,1001706
8643336872,1.6800000000,960,540,yuv420p,29.97002997003,240,8,889785
4177089041,1.6600000000,960,540,yuv420p,29.97002997003,240,8,1749416
4970624827,1.6600000000,960,540,yuv420p,25,200,8,1831366
8222762296,1.6600000000,960,540,yuv420p,29.97002997003,240,8,643303
10132105415,1.6400000000,960,540,yuv420p,29.97,240,8,1201765
4472730048,1.6224066390,960,540,yuv420p,29.97002997003,240,8,365663
6985991227,1.6200000000,960,540,yuv420p,29.97002997003,240,8,1596000
10672253555,1.6147859920,960,540,yuv420p,29.97,240,8,3130643
5927908371,1.6000000000,960,540,yuv420p,29.97002997003,240,8,9660686
6079875162,1.6000000000,960,540,yuv420p,29.97002997003,240,8,6851179
3887621073,1.5800000000,960,540,yuv420p,29.97002997003,240,8,1768430
4265470174,1.5600000000,960,540,yuv420p,29.97002997003,240,8,1767815
5570426341,1.5600000000,960,540,yuv420p,24,192,8,525109
7074513729,1.5600000000,960,540,yuv420p,29.97002997003,240,8,4071187
3471567822,1.5200000000,960,540,yuv420p,29.97002997003,240,8,1313443
6184163826,1.5200000000,960,540,yuv420p,29.97002997003,240,8,4561759
9369433766,1.5200000000,960,540,yuv420p,23.976,181,8,1418359
9445782126,1.5200000000,960,540,yuv420p,29.97,240,8,1320336
6028497716,1.4800000000,960,540,yuv420p,24,192,8,743572
10925288616,1.4600000000,960,540,yuv420p,24,192,8,3688742
6807638360,1.4600000000,960,540,yuv420p,24,192,8,906732
8483400755,1.4600000000,960,540,yuv420p,29.97002997003,240,8,3900277
4744073127,1.4200000000,960,540,yuv420p,29.97002997003,240,8,1330777
8724380666,1.4000000000,960,540,yuv420p,29.97002997003,240,8,718575
5319047612,1.3468634690,960,540,yuv420p,29.97002997003,240,8,3342988
6408325533,1.2600000000,960,540,yuv420p,29.97002997003,240,8,4271015
8536919744,1.2200000000,960,540,yuv420p,24,192,8,480856
