File,MOS,width,height,pixfmt,framerate,nb_frames,bitdepth,bitrate
A001.mp4,80.232,1920,1080,yuvj420p,29.9929016799357,300,8,19924412
A002.mp4,57.3005,1920,1080,yuv420p,29.9800796812749,301,8,10882542
A003.mp4,78.1558,1920,1080,yuv420p,29.9750208159867,300,8,17935662
A004.mp4,59.3179,1920,1080,yuvj420p,29.999531779883,299,8,21669449
A005.mp4,47.1778,1920,1080,yuv420p,30,301,8,16022596
A006.mp4,84.6517,1920,1080,yuvj420p,30.0078093413014,301,8,21644543
A007.mp4,50.8675,1920,1080,yuv420p,29.9750208159867,300,8,16753618
A008.mp4,46.8902,1920,1080,yuv420p,29.9800133244504,300,8,15365270
A009.mp4,80.7925,1920,1080,yuv420p,29.9800133244504,300,8,16169425
A010.mp4,31.2785,1920,1080,yuvj420p,30.0081749845473,301,8,21698492
A011.mp4,87.2287,1920,1080,yuv420p,29.9801797700409,300,8,16987750
A012NEW.mp4,47.7826,1920,1080,yuv420p,29.9001666657438,300,8,16928331
A013.mp4,83.4083,1920,1080,yuv420p,29.9800796812749,301,8,10728535
A014.mp4,69.9652,1920,1080,yuv420p,29.9800133244504,300,8,15307688
A015.mp4,78.3957,1920,1080,yuv420p,29.9882712539096,300,8,16994922
A016.mp4,37.8421,1920,1080,yuv420p,29.8974421077308,299,8,16921455
A017.mp4,65.4778,1920,1080,yuv420p,30.0089727825596,301,8,17088272
A018.mp4,76.0205,1920,1080,yuv420p,29.9800133244504,300,8,15496118
A019.mp4,70.843,1920,1080,yuv420p,29.9800796812749,301,8,10665206
A020.mp4,77.7258,1920,1080,yuv420p,29.9836422573907,300,8,16992500
A021.mp4,37.6011,1920,1080,yuv420p,29.8500509148026,299,8,16995255
A022.mp4,38.674,1920,1080,yuv420p,30.0049842166473,301,8,17087855
A023.mp4,69.0588,1920,1080,yuv420p,29.9800133244504,300,8,15177783
A024.mp4,71.962,1920,1080,yuv420p,29.9800133244504,300,8,14728795
A025.mp4,42.0856,1920,1080,yuv420p,29.9255850451876,300,8,16952804
A026.mp4,74.5397,1920,1080,yuv420p,29.9758195055988,300,8,16986253
A027.mp4,56.3388,1920,1080,yuv420p,29.9800133244504,300,8,15459406
A028.mp4,41.5304,1920,1080,yuv420p,29.8293706789812,299,8,10238678
A029.mp4,75.3861,1920,1080,yuv420p,29.9850074962519,300,8,15407115
A030.mp4,81.5278,1920,1080,yuv420p,30.0055491990213,301,8,17160957
A031.mp4,62.1042,1920,1080,yuv420p,29.9295989322893,300,8,16971495
A032.mp4,74.3189,1920,1080,yuv420p,29.9800796812749,301,8,10475913
A033.mp4,71.7097,1920,1080,yuv420p,29.9482892871642,300,8,16970358
A034.mp4,80.4271,1920,1080,yuv420p,29.9800796812749,301,8,10775987
A035.mp4,85.0968,1920,1080,yuv420p,29.9800796812749,301,8,11407334
A036NEW.mp4,46.6608,1920,1080,yuv420p,29.9139475442311,300,8,16951276
A037.mp4,77.5858,1920,1080,yuv420p,29.9800796812749,301,8,10727557
A038.mp4,51.9195,1920,1080,yuv420p,29.925,300,8,5553312
A039.mp4,53.006,1920,1080,yuv420p,29.8236514522822,299,8,16881304
A040.mp4,50.3763,1920,1080,yuv420p,30.0039207781305,301,8,17086412
A041.mp4,35.1412,1920,1080,yuv420p,29.9861397398536,300,8,16993397
A042.mp4,76.8312,1920,1080,yuv420p,30.0091389958182,301,8,17272915
A043.mp4,38.1554,1920,1080,yuv420p,30.0049842166473,301,8,16772979
A044.mp4,53.4333,1920,1080,yuv420p,30,301,8,15194328
A045.mp4,81.9773,1920,1080,yuv420p,29.9954673516002,300,8,16996736
A046NEW.mp4,69.1902,1920,1080,yuv420p,30.0089395401288,301,8,17136933
A047.mp4,58.4895,1920,1080,yuv420p,30.0089062977717,301,8,17093347
A048.mp4,72.3462,1920,1080,yuv420p,29.9800133244504,300,8,15730344
A049.mp4,72.2176,1920,1080,yuv420p,29.9800133244504,300,8,14740138
A050.mp4,48.0519,1920,1080,yuv420p,29.9934680891717,300,8,16991793
A051.mp4,80.2807,1920,1080,yuv420p,29.9750208159867,300,8,15744258
A052.mp4,44.8256,1920,1080,yuv420p,29.9800133244504,300,8,15000156
A053.mp4,67.0884,1920,1080,yuv420p,30.0086736033339,301,8,17132551
A054.mp4,76.1667,1920,1080,yuv420p,29.917,300,8,5144377
A055.mp4,53.8092,1920,1080,yuvj420p,26.1094871113473,262,8,16293288
A056.mp4,52.3594,1920,1080,yuv420p,30,300,8,7449955
A057.mp4,66.4892,1920,1080,yuv420p,29.9850074962519,300,8,15523422
A058.mp4,57,1920,1080,yuv420p,29.7980465725025,298,8,16946194
A059.mp4,74.2873,1920,1080,yuv420p,29.9667369220166,300,8,16964290
A060.mp4,63.1839,1920,1080,yuv420p,29.9742887212302,300,8,16983630
A061.mp4,56.4521,1920,1080,yuv420p,29.9937679615458,300,8,16996386
A062.mp4,47.5187,1920,1080,yuv420p,29.9216385532555,300,8,16945184
A063.mp4,44.8971,1920,1080,yuv420p,30.0058483159508,301,8,17087068
A064.mp4,49.8497,1920,1080,yuv420p,29.9615160971019,300,8,16972656
A065.mp4,81.8222,1920,1080,yuvj420p,30.0081085032944,301,8,21758790
A066.mp4,74.7647,1920,1080,yuv420p,29.9800133244504,300,8,15444400
A067.mp4,77.4551,1920,1080,yuv420p,29.9800796812749,301,8,11218637
A068.mp4,39.123,1920,1080,yuv420p,29.2834711074194,293,8,16612499
A069.mp4,49.4444,1920,1080,yuv420p,30,300,8,9519048
A070.mp4,65.4608,1920,1080,yuv420p,29.9800133244504,300,8,15198127
A071.mp4,74.1071,1920,1080,yuv420p,29.9800133244504,300,8,18229798
A072.mp4,20.4406,1920,1080,yuv420p,25,252,8,8964932
A073.mp4,91.1313,1920,1080,yuv420p,29.9800796812749,301,8,10923183
A074.mp4,57.3204,1920,1080,yuv420p,29.9850074962519,300,8,15409714
A075.mp4,58.1867,1920,1080,yuv420p,30.0089062977717,301,8,17079144
A076.mp4,64.7835,1920,1080,yuv420p,30.0089727825596,301,8,17092917
A077.mp4,74.4483,1920,1080,yuv420p,29.9800796812749,301,8,10847007
A078.mp4,38.8777,1920,1080,yuvj420p,29.9855253818391,299,8,21717661
A079.mp4,81.0943,1920,1080,yuvj420p,30.0000666668148,300,8,19867331
A080NEW.mp4,39.2086,1920,1080,yuv420p,29.9543695104458,300,8,16971987
A081.mp4,75.7143,1920,1080,yuv420p,29.9800133244504,300,8,15212800
A082.mp4,87.0859,1920,1080,yuv420p,29.9750208159867,300,8,15338957
A083.mp4,46.3077,1920,1080,yuv420p,29.931,300,8,7455171
A084.mp4,55.3835,1920,1080,yuv420p,29.79,298,8,2465060
A085.mp4,70.8486,1920,1080,yuv420p,30.0088730554882,301,8,17102288
A086.mp4,35.2749,1920,1080,yuv420p,29.9800133244504,300,8,17013643
A087.mp4,56.6415,1920,1080,yuv420p,29.8408818973079,299,8,16912277
A088.mp4,43.4892,1920,1080,yuv420p,24.9325988743763,250,8,19560818
A089.mp4,46.9444,1920,1080,yuv420p,29.841,299,8,4302760
A090.mp4,86.1709,1920,1080,yuv420p,29.9800133244504,300,8,15530839
A091.mp4,46.2238,1920,1080,yuv420p,29.837,299,8,8526448
A092.mp4,71.095,1920,1080,yuv420p,29.4234336870056,295,8,16780516
A093.mp4,66.9632,1920,1080,yuv420p,29.9821439675926,300,8,16990067
A094.mp4,52.3441,1920,1080,yuv420p,30.0055824339412,301,8,17168699
A095.mp4,71.5491,1920,1080,yuv420p,29.9800133244504,300,8,15427788
A096.mp4,66.5815,1920,1080,yuv420p,29.9750208159867,300,8,17309467
A097.mp4,66.4593,1920,1080,yuv420p,29.9751037344398,301,8,11046218
A098.mp4,85.8091,1920,1080,yuv420p,30.0089062977717,301,8,17118899
A099.mp4,46.1517,1920,1080,yuvj420p,30.0084409125047,301,8,21714840
A100.mp4,46.6273,1920,1080,yuv420p,30.025037489734,301,8,16961137
A101.mp4,69.3657,1920,1080,yuv420p,29.9750208159867,300,8,17493724
A102.mp4,62.987,1920,1080,yuv420p,29.8223293998741,299,8,16933097
A103.mp4,71.6203,1920,1080,yuv420p,29.8507462686567,299,8,16992718
A104.mp4,50.385,1920,1080,yuv420p,29.9360698596996,300,8,16963448
A105.mp4,37.8824,1920,1080,yuv420p,29.9800133244504,300,8,15042215
A106.mp4,72.642,1920,1080,yuv420p,30.3467718120805,303,8,4546073
A107.mp4,81.6325,1920,1080,yuv420p,29.9800133244504,300,8,15519907
A108.mp4,35.8462,1920,1080,yuvj420p,30.0832870627429,301,8,21757909
A109.mp4,36.5086,1920,1080,yuv420p,29.791,298,8,3648772
A110.mp4,87.8585,1920,1080,yuv420p,29.9800796812749,301,8,10767615
B001.mp4,27.2485,1280,720,yuv420p,19.561507300634,196,8,7880020
B002.mp4,73.4245,1280,720,yuv420p,30.0055824339412,301,8,10609223
B003.mp4,49.1111,1280,720,yuv420p,30.0058815515334,301,8,11514298
B004.mp4,60.6719,1280,720,yuv420p,30.0809821346282,301,8,10014957
B005.mp4,47.2959,1280,720,yuv420p,29.985057280425,301,8,7537260
B006.mp4,44.4845,1280,720,yuv420p,30.0053009364988,300,8,9822388
B007.mp4,37.858,1280,720,yuv420p,29.3050795471215,293,8,9938371
B008.mp4,75.0204,1280,720,yuv420p,30.0076763823304,301,8,10598796
B009.mp4,39.4971,1280,720,yuv420p,30.0058011215502,300,8,9963235
B010.mp4,33.9518,1280,720,yuv420p,29.7919892651087,298,8,11957951
B011.mp4,36.0333,1280,720,yuv420p,29.8056815765223,299,8,12016260
B012.mp4,33.9801,1280,720,yuv420p,29.7280251480028,298,8,11940486
B013.mp4,58.0795,1280,720,yuv420p,29.8240480908619,299,8,11939124
B014.mp4,62.3243,1280,720,yuv420p,30.0091722386909,301,8,12028571
B015.mp4,56.9636,1280,720,yuv420p,30,301,8,2255331
B016.mp4,52.1065,1280,720,yuv420p,29.9800796812749,301,8,7647917
B017.mp4,65.3693,1280,720,yuv420p,29.97002997003,300,8,10647778
B018.mp4,54.024,1280,720,yuv420p,29.9941678007054,300,8,9968907
B019.mp4,66.1658,1280,720,yuv420p,29.9358707125181,300,8,9906905
B020.mp4,69.2781,1280,720,yuv420p,30,301,8,3239956
B021.mp4,84.9903,1280,720,yuv420p,29.985057280425,301,8,2455951
B022.mp4,84.532,1280,720,yuv420p,29.985057280425,301,8,2110859
B023.mp4,70.8629,1280,720,yuv420p,29.985057280425,301,8,2201383
B024.mp4,67.6078,1280,720,yuv420p,29.985057280425,301,8,2164654
B025.mp4,86.53,1280,720,yuv420p,29.985057280425,301,8,2325182
B026.mp4,72.0794,1280,720,yuv420p,29.9800796812749,301,8,2179552
B027.mp4,89.2689,1280,720,yuv420p,29.9800796812749,301,8,2223998
B028.mp4,78.8442,1280,720,yuv420p,29.9800796812749,301,8,7711596
B029.mp4,90.8788,1280,720,yuv420p,29.9800796812749,301,8,7736712
B030.mp4,23.7704,1280,720,yuv420p,29.9800796812749,301,8,7298306
B031.mp4,69.9155,1280,720,yuv420p,29.9800796812749,301,8,7496066
B032.mp4,62.1639,1280,720,yuv420p,29.9800796812749,301,8,8117830
B033.mp4,67.869,1280,720,yuv420p,29.9800796812749,301,8,7533963
B034.mp4,71.4773,1280,720,yuv420p,29.9800796812749,301,8,7914465
B035.mp4,43.9005,1280,720,yuv420p,29.9800796812749,301,8,7606715
B036.mp4,82.8776,1280,720,yuv420p,29.9800796812749,301,8,7702751
B037.mp4,47.7402,1280,720,yuv420p,29.9800796812749,301,8,7501886
B038.mp4,67.4641,1280,720,yuv420p,29.9800796812749,301,8,7525416
B039.mp4,61.2217,1280,720,yuv420p,29.9800796812749,301,8,7776787
B040.mp4,67.0729,1280,720,yuv420p,29.9800796812749,301,8,7572360
B041.mp4,45.799,1280,720,yuv420p,29.9800796812749,301,8,7489085
B042.mp4,62.8774,1280,720,yuv420p,29.9800796812749,301,8,7317482
B043.mp4,38.3,1280,720,yuv420p,29.9800796812749,301,8,7586454
B044.mp4,87.1329,1280,720,yuv420p,29.9800796812749,301,8,7633139
B045.mp4,64.1244,1280,720,yuv420p,29.9800796812749,301,8,7586607
B046.mp4,75.0229,1280,720,yuv420p,29.9800796812749,301,8,7661317
B047.mp4,63.7714,1280,720,yuv420p,29.9800796812749,301,8,7595600
B048.mp4,65.9427,1280,720,yuv420p,29.9800796812749,301,8,8036411
B049.mp4,78.5928,1280,720,yuv420p,29.9800796812749,301,8,7617405
B050.mp4,77.2019,1280,720,yuv420p,29.9800796812749,301,8,7749337
B051.mp4,46.0611,1280,720,yuv420p,29.9800796812749,301,8,7218411
B052.mp4,58.6099,1280,720,yuv420p,29.9800796812749,301,8,7749694
B053.mp4,74.9505,1280,720,yuv420p,29.9800796812749,301,8,7573192
B054NEW.mp4,27.2126,1280,720,yuv420p,30,300,8,404779
B055.mp4,64.193,1280,720,yuv420p,29.9800796812749,301,8,7525701
B056.mp4,62.6744,1280,720,yuv420p,29.985057280425,301,8,7556966
B057.mp4,59.9947,1280,720,yuv420p,29.9800796812749,301,8,7790225
B058.mp4,58.367,1280,720,yuv420p,29.9800796812749,301,8,7042354
B059.mp4,52,1280,720,yuv420p,29.9800796812749,301,8,7600362
B060.mp4,59.4882,1280,720,yuv420p,29.9800796812749,301,8,7644798
B061.mp4,63.7011,1280,720,yuv420p,29.9800796812749,301,8,7456950
B062.mp4,56.8361,1280,720,yuv420p,29.9800796812749,301,8,7570243
B063.mp4,44.152,1280,720,yuv420p,29.985057280425,301,8,7466772
B064.mp4,60.0559,1280,720,yuv420p,29.9800796812749,301,8,7347900
B065.mp4,58.7207,1280,720,yuv420p,29.9800796812749,301,8,7640948
B066.mp4,57.5947,1280,720,yuv420p,29.9800796812749,301,8,7488109
B067.mp4,70.6193,1280,720,yuv420p,30,300,8,5258802
B068.mp4,76.6719,1280,720,yuv420p,30,300,8,7853572
B069.mp4,68.4948,1280,720,yuv420p,30,300,8,5038168
B070.mp4,56.4128,1280,720,yuv420p,30,300,8,10512891
B071.mp4,81.3516,1280,720,yuv420p,30,300,8,6034501
B072.mp4,82.573,1280,720,yuv420p,30,300,8,8379349
B073.mp4,66.0347,1280,720,yuv420p,30,300,8,5938186
B074.mp4,83.0838,1280,720,yuv420p,30,300,8,5318608
B075.mp4,55.4301,1280,720,yuv420p,30,300,8,11473848
B076.mp4,85.2071,1280,720,yuv420p,30,300,8,8500188
B077.mp4,81.9227,1280,720,yuv420p,30,300,8,17942219
B078.mp4,87.6489,1280,720,yuv420p,30,300,8,10731410
B079.mp4,73.5323,1280,720,yuv420p,30,300,8,2581410
B080.mp4,78.8136,1280,720,yuv420p,30,300,8,4927150
B081.mp4,46.3822,1280,720,yuv420p,30,301,8,3525234
B082.mp4,39.3422,1280,720,yuv420p,29.9166666666667,300,8,3186862
B083.mp4,47.1299,1280,720,yuv420p,29.97,300,8,7848079
B084.mp4,27.3091,1280,720,yuv420p,30,300,8,5316780
B085.mp4,78.5556,1280,720,yuv420p,30,301,8,10439150
B086.mp4,80.3536,1280,720,yuv420p,30,301,8,7683221
B087.mp4,72.178,1280,720,yuvj420p,30,300,8,12986134
B088.mp4,52.8177,1280,720,yuv420p,30,300,8,7212589
B089.mp4,74.2079,1280,720,yuv420p,29.97002997003,300,8,16901837
B090.mp4,26.0497,1280,720,yuv420p,29.75,298,8,5822189
B091.mp4,71.7738,1280,720,yuv420p,29.8333333333333,299,8,10472115
B092.mp4,75.2238,1280,720,yuv420p,30,301,8,5534356
B093.mp4,70.0112,1280,720,yuv420p,29.8507462686567,299,8,20275145
B094.mp4,72.7368,1280,720,yuv420p,30,301,8,6027928
B095.mp4,72.7588,1280,720,yuv420p,30,301,8,9031116
B096.mp4,57.6856,1280,720,yuv420p,29.846,299,8,4050747
B097.mp4,60.4053,1280,720,yuv420p,29.4166666666667,295,8,8260375
B098.mp4,80.199,1280,720,yuv420p,29.97002997003,300,8,19088542
B099.mp4,69.5399,1280,720,yuv420p,29.8333333333333,299,8,9767246
B100.mp4,80.2398,1280,720,yuv420p,29.97002997003,300,8,9019298
B101.mp4,59.2431,1280,720,yuv420p,29.97002997003,300,8,8948792
B102.mp4,88.0219,1280,720,yuv420p,29.97002997003,300,8,16263522
B103.mp4,25.2484,1280,720,yuv420p,30,301,8,10122574
B104.mp4,71.3464,1280,720,yuv420p,30,301,8,10065727
B105.mp4,70.9,1280,720,yuv420p,29.97002997003,300,8,3522190
B106.mp4,57.0578,1280,720,yuv420p,29.97002997003,300,8,8658647
B107.mp4,76.7188,1280,720,yuv420p,29.97002997003,300,8,10443466
B108.mp4,85.7418,1280,720,yuvj420p,30,300,8,6536590
B109.mp4,79.3295,1280,720,yuv420p,29.97002997003,300,8,11120289
B110.mp4,77.6527,1280,720,yuv420p,29.97002997003,300,8,13752113
B111.mp4,57.7553,1280,720,yuv420p,30,300,8,7364082
B112.mp4,56.3086,1280,720,yuv420p,30,301,8,3986915
B113.mp4,73.7705,1280,720,yuv420p,30,301,8,13345531
B114.mp4,85.8129,1280,720,yuv420p,29.97002997003,300,8,9876757
B115NEW.mp4,39.1942,1280,720,yuv420p,30,301,8,5719821
B116.mp4,65.6578,1280,720,yuv420p,29.8507462686567,299,8,5931632
B117.mp4,70.7436,1280,720,yuv420p,30,300,8,6540144
B118.mp4,71.8769,1280,720,yuv420p,24,241,8,12586494
B119.mp4,69.3909,1280,720,yuv420p,30,301,8,12133188
B120.mp4,82.9815,1280,720,yuv420p,29.97002997003,301,8,6217843
B121.mp4,54.3529,1280,720,yuv420p,30,301,8,7545922
B122.mp4,59.2645,1280,720,yuv420p,29.97002997003,300,8,8998681
B123.mp4,76.6535,1280,720,yuvj420p,30,301,8,6455348
B124.mp4,55.3564,1280,720,yuv420p,30,301,8,3136717
B125.mp4,52.9389,1280,720,yuv420p,30,301,8,6554616
B126.mp4,73.5285,1280,720,yuv420p,30,301,8,4255869
B127.mp4,58.382,1280,720,yuv420p,29.97002997003,300,8,6324884
B128.mp4,59.2601,1280,720,yuv420p,29.97002997003,300,8,7565774
B129.mp4,38.2353,1280,720,yuv420p,29.97002997003,300,8,16244180
B130.mp4,52.7733,1280,720,yuv420p,29.97,300,8,4674811
B131.mp4,37.062,1280,720,yuv420p,29.97002997003,300,8,9603093
B132.mp4,42.6774,1280,720,yuv420p,20.027,201,8,5518419
B133.mp4,81.2515,1280,720,yuv420p,29.97002997003,300,8,6796943
B134.mp4,69.35,1280,720,yuv420p,30,301,8,4598565
B135.mp4,79.775,1280,720,yuv420p,29.97002997003,301,8,10986435
B136.mp4,71.8718,1280,720,yuv420p,29.97002997003,300,8,8420035
B137.mp4,47.1258,1280,720,yuv420p,30,301,8,15575065
B138.mp4,79.3155,1280,720,yuv420p,30,300,8,3231912
B139NEW.mp4,68.8052,1280,720,yuv420p,30,301,8,15978289
B140.mp4,68.4787,1280,720,yuv420p,29.97002997003,301,8,7886460
B141.mp4,86.3333,1280,720,yuv420p,29.97002997003,300,8,8701756
B142.mp4,64.9667,1280,720,yuv420p,30,301,8,8723137
B143.mp4,64.0795,1280,720,yuv420p,30,301,8,8603873
B144.mp4,46.1283,1280,720,yuv420p,29.97002997003,300,8,3307824
B145.mp4,87.7442,1280,720,yuv420p,29.97002997003,301,8,9882220
B146.mp4,62.9054,1280,720,yuv420p,29.8333333333333,301,8,8470707
B147.mp4,73.0254,1280,720,yuv420p,29.8333333333333,299,8,9879764
B148.mp4,27.5249,1280,720,yuv420p,29.9166666666667,300,8,6237310
B149.mp4,51.5759,1280,720,yuv420p,30,301,8,7141937
B150.mp4,58.6421,1280,720,yuv420p,29.8507462686567,299,8,6238649
B151.mp4,71.6954,1280,720,yuvj420p,29.9166666666667,300,8,5405303
B152.mp4,70.9887,1280,720,yuv420p,23.919073800309,241,8,8572705
B153.mp4,62.9021,1280,720,yuv420p,29.662,297,8,5641536
B154.mp4,49.736,1280,720,yuv420p,29.9070010449321,300,8,3854303
B155.mp4,43.4969,1280,720,yuv420p,29.97002997003,300,8,6122442
B156.mp4,69.2067,1280,720,yuv420p,30,300,8,11550271
B157.mp4,75.9554,1280,720,yuv420p,30,300,8,6119057
B158.mp4,76.8757,1280,720,yuv420p,29.97002997003,301,8,10585150
B159.mp4,35.9529,1280,720,yuvj420p,30,302,8,10402521
B160.mp4,34.3556,1280,720,yuv420p,29.834,299,8,10152951
B161.mp4,71.6517,1280,720,yuv420p,30,287,8,5661189
B162.mp4,51.3829,1280,720,yuv420p,29.75,299,8,4677507
B163.mp4,45.5813,1280,720,yuv420p,29.785,298,8,6387275
B164.mp4,83.1737,1280,720,yuv420p,29.97002997003,301,8,6618687
B165.mp4,67.3736,1280,720,yuv420p,29.97002997003,300,8,5380244
B166.mp4,57.8166,1280,720,yuv420p,30,301,8,6271305
B167.mp4,14.8662,1280,720,yuv420p,30,300,8,9060540
B168.mp4,56.3245,1280,720,yuv420p,29.97002997003,300,8,10285566
B169.mp4,54.0769,1280,720,yuv420p,30,300,8,4872518
B170.mp4,35.8132,1280,720,yuv420p,29.9166666666667,300,8,7385182
B171.mp4,89.7447,1280,720,yuv420p,29.97002997003,300,8,2987410
B172.mp4,75.619,1280,720,yuv420p,29.97002997003,300,8,6217736
B173.mp4,66.0171,1280,720,yuv420p,30,300,8,9750357
B174.mp4,17.9012,1280,720,yuv420p,30,300,8,5200160
B175.mp4,38.6221,1280,720,yuv420p,29.9166666666667,300,8,6706030
B176.mp4,68.9807,1280,720,yuv420p,29.97002997003,300,8,17046588
B177.mp4,40.7351,1280,720,yuv420p,30,301,8,4115785
B178.mp4,61.3542,1280,720,yuv420p,30,301,8,9009139
B179.mp4,56.5635,1280,720,yuvj420p,30,301,8,8485060
B180.mp4,72.9946,1280,720,yuv420p,29.97002997003,300,8,6768142
B181.mp4,38.5263,1280,720,yuv420p,29.8333333333333,300,8,3996529
B182.mp4,82.9684,1280,720,yuv420p,29.97002997003,300,8,8165238
B183.mp4,85.2941,1280,720,yuv420p,29.97002997003,301,8,10487463
B184.mp4,57.0256,1280,720,yuv420p,30,301,8,9398680
B185.mp4,65.4143,1280,720,yuv420p,30,300,8,7977691
B186.mp4,64.5275,1280,720,yuv420p,29.97002997003,300,8,3272202
B187.mp4,90.199,1280,720,yuv420p,29.97002997003,300,8,5377536
B188.mp4,70.3474,1280,720,yuv420p,30,300,8,8928475
B189.mp4,49.8683,1280,720,yuv420p,29.97002997003,301,8,6796806
B190.mp4,72.1381,1280,720,yuv420p,29.97,300,8,9852283
B191.mp4,82.8227,1280,720,yuv420p,29.97002997003,301,8,9890508
B192.mp4,55.6981,1280,720,yuvj420p,30,302,8,10281561
B193.mp4,70.5926,1280,720,yuv420p,29.97002997003,300,8,15559274
B194.mp4,55.5238,1280,720,yuv420p,30,300,8,17439638
B195.mp4,70.2275,1280,720,yuv420p,29.9166666666667,300,8,2592196
B196.mp4,50.7012,1280,720,yuv420p,30,301,8,11631846
B197.mp4,36.4242,1280,720,yuv420p,29.787,298,8,5865133
B198.mp4,84.7438,1280,720,yuv420p,29.97002997003,301,8,8460689
B199.mp4,76.1538,1280,720,yuv420p,29.97,300,8,2735446
B200.mp4,36.2614,1280,720,yuv420p,29.97002997003,300,8,6958758
B201.mp4,49.4186,1280,720,yuv420p,30,300,8,7448560
B202.mp4,78.8095,1280,720,yuv420p,29.97002997003,300,8,6333003
B203.mp4,78.539,1280,720,yuv420p,29.97002997003,300,8,22955977
B204.mp4,72.3743,1280,720,yuv420p,29.97002997003,300,8,10436202
B205.mp4,63.2195,1280,720,yuv420p,30,300,8,4865873
B206.mp4,80.9784,1280,720,yuv420p,29.9166666666667,300,8,4288213
B207.mp4,86.5106,1280,720,yuv420p,29.97002997003,300,8,20987395
B208.mp4,74.1111,1280,720,yuv420p,25.25,253,8,4899712
B209.mp4,74.7753,1280,720,yuv420p,30,301,8,8252394
B210.mp4,29.4167,1280,720,yuv420p,29.97002997003,300,8,10473192
B211.mp4,80.995,1280,720,yuv420p,29.97002997003,300,8,9651014
B212.mp4,71.6895,1280,720,yuv420p,29.4166666666667,295,8,8578091
B213.mp4,85.9296,1280,720,yuv420p,29.97002997003,300,8,9039133
B214.mp4,45.2158,1280,720,yuv420p,29.97002997003,300,8,5787281
B215.mp4,49.1789,1280,720,yuv420p,30,300,8,12086285
B216.mp4,85.8934,1280,720,yuv420p,30,301,8,28572306
B217.mp4,37.7778,1280,720,yuv420p,29.97002997003,300,8,7772597
B218.mp4,89.0446,1280,720,yuv420p,29.97002997003,301,8,9190535
B219.mp4,78.0149,1280,720,yuv420p,29.97002997003,301,8,15139638
B220.mp4,70.117,1280,720,yuv420p,29.97002997003,300,8,4272991
B221.mp4,80.4144,1280,720,yuv420p,30,300,8,3822878
B222.mp4,34.2513,1280,720,yuv420p,24,242,8,11991353
B223.mp4,60.6067,1280,720,yuv420p,29.97002997003,300,8,3258101
B224.mp4,81.0055,1280,720,yuv420p,29.97002997003,300,8,21125021
B225.mp4,80.4624,1280,720,yuv420p,30,301,8,5354449
B226.mp4,62.5157,1280,720,yuv420p,29.8333333333333,299,8,11105555
B227.mp4,90.2448,1280,720,yuv420p,29.97002997003,300,8,6767240
B228.mp4,71.1987,1280,720,yuv420p,30,301,8,12447264
B229.mp4,73.8866,1280,720,yuv420p,29.97002997003,300,8,11934895
B230.mp4,73.6337,1280,720,yuv420p,29.91,300,8,6172191
B231.mp4,65.0412,1280,720,yuv420p,29.97002997003,300,8,11311481
B232.mp4,65.1549,1280,720,yuv420p,29.8,298,8,7648697
B233.mp4,50.8201,1280,720,yuv420p,29.8507462686567,299,8,4249629
B234.mp4,80.4612,1280,720,yuv420p,30,301,8,5520658
B235.mp4,68.4103,1280,720,yuv420p,30,300,8,18522936
B236.mp4,53.3737,1280,720,yuv420p,29.84,299,8,9545334
B237.mp4,70.1209,1280,720,yuvj420p,30,301,8,8241662
B238.mp4,60.5058,1280,720,yuv420p,29.8507462686567,299,8,3913219
B239.mp4,67.5337,1280,720,yuv420p,30,300,8,9845071
B240.mp4,67.1576,1280,720,yuv420p,29.842,301,8,5341947
B241.mp4,66.459,1280,720,yuv420p,29.9166666666667,300,8,4039679
B242.mp4,71.6724,1280,720,yuv420p,30,301,8,12318960
B243.mp4,47.8021,1280,720,yuv420p,29.8507462686567,299,8,10198910
B244.mp4,63.5397,1280,720,yuv420p,30,301,8,11146540
B245.mp4,82.8444,1280,720,yuv420p,30,301,8,8418554
B246.mp4,56.3813,1280,720,yuv420p,30,301,8,9325996
B247.mp4,76.2626,1280,720,yuv420p,30,301,8,6699294
B248NEW.mp4,62.3922,1280,720,yuv420p,29.97002997003,300,8,11282002
B249.mp4,69.7869,1280,720,yuv420p,30,300,8,8925373
B250.mp4,61.2128,1280,720,yuv420p,29.8507462686567,299,8,12274306
B251.mp4,82.7214,1280,720,yuv420p,29.97002997003,300,8,5185816
B252.mp4,73.2762,1280,720,yuv420p,29.953,300,8,6456196
B253.mp4,72.1818,1280,720,yuv420p,30,301,8,8615995
B254.mp4,54.569,1280,720,yuvj420p,30,301,8,5657117
B255.mp4,62.2424,1280,720,yuv420p,29.8333333333333,299,8,3015861
B256.mp4,59.5503,1280,720,yuv420p,30,300,8,7297764
B257.mp4,82.2251,1280,720,yuv420p,29.97002997003,300,8,5342019
B258.mp4,85.4278,1280,720,yuv420p,29.97002997003,300,8,9288585
B259.mp4,84.8989,1280,720,yuv420p,29.97002997003,300,8,5541573
B260.mp4,6.22368,1280,720,yuv420p,24,241,8,11113786
B261.mp4,78.0125,1280,720,yuv420p,30,301,8,10417658
B262.mp4,51.9461,1280,720,yuv420p,29.97002997003,300,8,9561330
B263NEW.mp4,64.4931,1280,720,yuv420p,30,301,8,13634994
B264.mp4,78.114,1280,720,yuv420p,30,301,8,9192243
B265.mp4,74.4638,1280,720,yuv420p,30,291,8,5633236
B266.mp4,88.24,1280,720,yuv420p,29.97002997003,300,8,9715955
B267.mp4,62.3061,1280,720,yuv420p,29.97002997003,300,8,4714324
B268.mp4,25.0861,1280,720,yuv420p,29.9166666666667,300,8,5831094
B269.mp4,66.5404,1280,720,yuv420p,29.8333333333333,299,8,11338326
B270.mp4,90.3281,1280,720,yuv420p,29.97002997003,301,8,6702200
B271.mp4,84.2073,1280,720,yuv420p,30,300,8,13351215
B272.mp4,49.6404,1280,720,yuv420p,24,241,8,5905567
B273.mp4,53.4568,1280,720,yuv420p,30,302,8,8139510
B274.mp4,54.9497,1280,720,yuv420p,30,301,8,9502187
B275.mp4,79.0355,1280,720,yuv420p,29.97002997003,301,8,12310258
B276.mp4,83.5027,1280,720,yuv420p,29.97002997003,301,8,6235013
B277.mp4,28.6053,1280,720,yuv420p,29.97002997003,300,8,4032569
B278.mp4,70.3646,1280,720,yuv420p,29.97002997003,300,8,6939476
B279.mp4,67.9827,1280,720,yuv420p,30,301,8,7930874
B280.mp4,69.5136,1280,720,yuv420p,30,300,8,5243266
B281.mp4,50.288,1280,720,yuv420p,29.97002997003,300,8,6851586
B282.mp4,70.8817,1280,720,yuv420p,29.9166666666667,299,8,3644621
B283.mp4,64.2865,1280,720,yuv420p,29.62,297,8,5765299
B284.mp4,71.3248,1280,720,yuv420p,29.97002997003,300,8,4768712
B285.mp4,73.6837,1280,720,yuv420p,29.97002997003,300,8,5694568
B286.mp4,38.6012,1280,720,yuv420p,30,301,8,9479518
B287.mp4,70.2771,1280,720,yuv420p,30,300,8,7440234
B288.mp4,82.4922,1280,720,yuv420p,29.97002997003,301,8,11792890
B289.mp4,84.8406,1280,720,yuv420p,29.97002997003,300,8,12819465
B290.mp4,62.4348,1280,720,yuv420p,30,301,8,14210453
B291.mp4,71.1256,1280,720,yuv420p,30,300,8,7069176
B292.mp4,81.9686,1280,720,yuv420p,30,301,8,7580434
B293.mp4,78.2485,1280,720,yuvj420p,30,302,8,4696002
B294.mp4,66.3431,1280,720,yuv420p,30,300,8,4923371
B295.mp4,54.7539,1280,720,yuv420p,29.97002997003,300,8,11380641
B296.mp4,63.203,1280,720,yuv420p,29.937,300,8,4554411
B297.mp4,61.4341,1280,720,yuv420p,30,301,8,6003462
B298.mp4,42.3916,1280,720,yuv420p,30,301,8,4535050
B299.mp4,72.21,1280,720,yuv420p,30,301,8,12784514
B300.mp4,27.691,1280,720,yuv420p,30,301,8,3460532
B301.mp4,49.1242,1280,720,yuv420p,30,300,8,6309452
B302.mp4,72.25,1280,720,yuv420p,29.97002997003,300,8,15779650
B303.mp4,18.8824,1280,720,yuv420p,24,241,8,8215225
B304.mp4,91.7312,1280,720,yuv420p,29.97002997003,301,8,5074972
B305.mp4,66.0914,1280,720,yuv420p,29.97002997003,300,8,7695818
B306.mp4,79.1263,1280,720,yuv420p,30,301,8,5987612
B307.mp4,62.3543,1280,720,yuv420p,29.8333333333333,299,8,3935224
B308.mp4,82.8098,1280,720,yuv420p,30,301,8,6973000
B309.mp4,75.774,1280,720,yuvj420p,30,300,8,6477029
B310.mp4,85.1746,1280,720,yuvj420p,30,301,8,11217880
B311.mp4,88.8258,1280,720,yuvj420p,30,301,8,14962680
B312.mp4,61.1696,1280,720,yuvj420p,30,301,8,5871855
B313.mp4,89.2074,1280,720,yuvj420p,30,301,8,13123451
B314.mp4,94.2865,1280,720,yuv420p,29.97002997003,300,8,4526784
B315.mp4,85.593,1280,720,yuvj420p,30,301,8,12407336
B316.mp4,89.1236,1280,720,yuvj420p,30,301,8,7800194
C001.mp4,84.2191,960,540,yuv420p,29.9800796812749,301,8,4671384
D001.mp4,32.7293,800,450,yuv420p,16.5665172279582,166,8,797698
E001.mp4,51.6061,480,640,yuv420p,30.0057818450067,301,8,3101534
F001.mp4,69.3289,640,480,yuv420p,30.0200133422282,301,8,2571120
F002.mp4,29.0101,640,480,yuv420p,29.978914829903,300,8,3075409
F003.mp4,40.2153,640,480,yuv420p,29.9649742745147,300,8,3074153
F004.mp4,18.6163,640,480,yuv420p,29.9951674452449,300,8,3077058
F005.mp4,56.6974,640,480,yuv420p,29.9873386792243,300,8,3080772
F006.mp4,59.6044,640,480,yuv420p,29.97002997003,300,8,3624813
F007.mp4,42.7267,640,480,yuv420p,29.9750208159867,300,8,3528273
G001.mp4,72.0884,404,720,yuv420p,30,300,8,1869560
G002.mp4,47.5172,404,720,yuv420p,30,301,8,4166531
G003.mp4,73.1593,404,720,yuv420p,30,301,8,1206735
G004.mp4,76.068,404,720,yuv420p,30,300,8,2326642
G005.mp4,85.2933,404,720,yuv420p,30,301,8,543174
G006.mp4,72.881,404,720,yuv420p,30,300,8,997868
G007.mp4,87.2169,404,720,yuv420p,29.97002997003,300,8,3429303
G008.mp4,65.8113,404,720,yuv420p,29.97002997003,300,8,5471999
G009.mp4,72.7931,404,720,yuv420p,29.97002997003,300,8,3628270
G010.mp4,68.4129,404,720,yuv420p,29.97002997003,300,8,3366064
G011.mp4,24.7697,404,720,yuv420p,29.97002997003,300,8,2236247
G012.mp4,51.3923,404,720,yuv420p,29.97002997003,300,8,9462253
G013.mp4,73.2679,404,720,yuv420p,20.027,201,8,1748618
G014.mp4,56.096,404,720,yuv420p,29.97002997003,300,8,1998672
G015.mp4,89.2513,404,720,yuv420p,29.97002997003,300,8,2226417
G016.mp4,80.5959,404,720,yuv420p,29.97002997003,300,8,2129026
G017.mp4,75.1832,404,720,yuv420p,30,300,8,3695555
G018.mp4,83.5848,404,720,yuv420p,30,300,8,2474858
G019.mp4,71.6599,404,720,yuv420p,30,300,8,2367494
G020.mp4,60.6335,404,720,yuv420p,30,301,8,1621809
G021.mp4,41.2703,404,720,yuv420p,30,300,8,2229946
G022.mp4,58.5622,404,720,yuv420p,30,300,8,1195524
G023.mp4,58.9406,404,720,yuv420p,30,300,8,6252331
G024.mp4,59.6292,404,720,yuv420p,30,301,8,1873326
G025.mp4,40.5028,404,720,yuv420p,30,300,8,1561336
G026.mp4,54.4118,404,720,yuv420p,30,301,8,2717438
G027.mp4,45.7368,404,720,yuv420p,30,301,8,1532787
G028.mp4,61.3883,404,720,yuv420p,30,301,8,2586184
G029.mp4,50.4835,404,720,yuv420p,30,301,8,2890620
G030.mp4,77.7895,404,720,yuv420p,29.97002997003,300,8,1841075
G031.mp4,70.6823,404,720,yuv420p,29.97002997003,300,8,2127824
G032.mp4,53.278,404,720,yuv420p,29.97002997003,300,8,1394066
G033.mp4,60.6505,404,720,yuv420p,29.97002997003,300,8,1768876
G034.mp4,82.4354,404,720,yuv420p,29.97002997003,300,8,2888489
G035.mp4,72.2569,404,720,yuv420p,29.97002997003,300,8,1040918
G036.mp4,78.6898,404,720,yuv420p,29.97002997003,300,8,2947101
G037.mp4,78.2783,404,720,yuv420p,29.97002997003,300,8,2230750
G038.mp4,72.125,404,720,yuv420p,29.97002997003,300,8,2646833
G039.mp4,73.5789,404,720,yuv420p,29.97002997003,300,8,2917747
G040.mp4,80.9306,404,720,yuv420p,29.97002997003,300,8,1804349
G041.mp4,43.7181,404,720,yuv420p,29.8507462686567,299,8,2697002
G042.mp4,70.191,404,720,yuv420p,29.8333333333333,299,8,4718013
G043.mp4,77.4279,404,720,yuv420p,29.8333333333333,299,8,1423538
G044.mp4,74.9635,404,720,yuv420p,29.7914597815293,299,8,1464752
G045.mp4,62.4847,404,720,yuv420p,29.8507462686567,299,8,3071845
G046.mp4,78.8212,404,720,yuv420p,29.8507462686567,299,8,2565161
G047.mp4,70.1804,404,720,yuvj420p,30,302,8,2994565
G048.mp4,78.9434,404,720,yuvj420p,30,302,8,6543960
G049.mp4,44.5829,404,720,yuv420p,29.9166666666667,299,8,1396194
G050.mp4,79.9171,404,720,yuv420p,30,301,8,1806680
G051.mp4,75.6131,404,720,yuvj420p,30,302,8,6014892
G052.mp4,67.6825,404,720,yuvj420p,30,302,8,5264469
G053.mp4,74.3118,404,720,yuvj420p,30,301,8,1481411
G054.mp4,56,404,720,yuvj420p,30,300,8,1831832
G055.mp4,63.478,404,720,yuvj420p,30,302,8,2204312
G056.mp4,62.0506,404,720,yuv420p,29.97002997003,300,8,2235334
G057.mp4,54.5354,404,720,yuv420p,30,301,8,3906056
G058.mp4,65.1421,404,720,yuv420p,30,301,8,2715611
G059.mp4,38.0054,404,720,yuv420p,30,301,8,2911163
G060.mp4,71.4348,404,720,yuv420p,30,301,8,2450397
G061.mp4,73.8883,404,720,yuv420p,30,301,8,3691736
G062.mp4,49.3832,404,720,yuv420p,24,241,8,2588692
G063.mp4,29.0845,404,720,yuv420p,20.1666666666667,204,8,2135118
G064.mp4,11.3333,404,720,yuv420p,20.1666666666667,202,8,1042338
G065.mp4,68.6814,404,720,yuv420p,24.25,243,8,1365433
G066.mp4,11.9079,404,720,yuv420p,20.2020202020202,204,8,1001169
G067.mp4,57.2944,404,720,yuv420p,29.8333333333333,299,8,1147950
G068.mp4,59.4638,404,720,yuv420p,29.8507462686567,299,8,1877276
G069.mp4,66.1244,404,720,yuv420p,29.8333333333333,299,8,1032572
G070.mp4,79.5904,404,720,yuvj420p,30,302,8,5971384
G071.mp4,48.3714,404,720,yuv420p,30,300,8,5919311
G072.mp4,47.7432,404,720,yuv420p,29.97002997003,300,8,1479618
G073.mp4,18.6333,404,720,yuv420p,30,300,8,2177430
G074.mp4,83.1826,404,720,yuv420p,29.97002997003,300,8,2205880
G075.mp4,64.293,404,720,yuv420p,29.851,300,8,1847991
G076.mp4,80.0361,404,720,yuv420p,29.839,299,8,1347538
G077.mp4,85.2383,404,720,yuv420p,29.8333333333333,299,8,3337300
G078.mp4,81.5829,404,720,yuv420p,29.8333333333333,299,8,2569445
G079.mp4,15.3576,404,720,yuv420p,30,301,8,834032
G080.mp4,26.2575,404,720,yuv420p,29.9166666666667,300,8,910002
G081.mp4,46.7325,404,720,yuv420p,24,241,8,2495439
G082.mp4,78.019,404,720,yuv420p,29.97002997003,301,8,2536504
G083.mp4,78.7753,404,720,yuv420p,29.97002997003,300,8,1744117
G084.mp4,59.3198,404,720,yuv420p,30,300,8,2480908
G085.mp4,76.4971,404,720,yuv420p,29.97002997003,300,8,1471472
G086.mp4,41.3556,404,720,yuv420p,29.97002997003,300,8,3244842
G087.mp4,71.1184,404,720,yuv420p,29.97002997003,300,8,2858296
G088.mp4,56.0826,404,720,yuv420p,29.97002997003,300,8,1646997
G089.mp4,31.2638,404,720,yuv420p,24,241,8,2996585
G090.mp4,75.4464,404,720,yuv420p,29.97002997003,301,8,2072557
G091.mp4,84.2475,404,720,yuv420p,29.97002997003,300,8,975249
G092.mp4,67.8351,404,720,yuv420p,29.97002997003,300,8,1573237
G093.mp4,66.1105,404,720,yuv420p,29.97002997003,300,8,982880
G094.mp4,66.865,404,720,yuv420p,29.97002997003,300,8,1796980
G095.mp4,79.2192,404,720,yuv420p,29.97002997003,300,8,2005619
G096.mp4,86.6243,404,720,yuv420p,29.97002997003,300,8,1977346
G097.mp4,84.6976,404,720,yuv420p,29.97002997003,300,8,3381138
G098.mp4,35.8556,404,720,yuv420p,29.97002997003,300,8,3720604
G099.mp4,80.5632,404,720,yuv420p,29.97002997003,300,8,4419704
G100.mp4,80.0573,404,720,yuv420p,30,300,8,3778990
G101.mp4,63.0345,404,720,yuv420p,29.97002997003,300,8,2543185
G102.mp4,67.75,404,720,yuv420p,29.97002997003,300,8,3043815
G103.mp4,81.3545,404,720,yuv420p,29.97002997003,300,8,1564912
G104.mp4,86.1474,404,720,yuv420p,29.97002997003,300,8,6445146
G105.mp4,45.0703,404,720,yuv420p,30,301,8,3566529
G106.mp4,23.4251,404,720,yuv420p,29.97002997003,301,8,2325202
G107.mp4,49.2717,404,720,yuv420p,30,301,8,4014897
G108.mp4,58.5988,404,720,yuv420p,24,241,8,3969900
G109.mp4,79.2459,404,720,yuv420p,30,300,8,2351917
G110.mp4,83.5217,404,720,yuv420p,30,300,8,2605470
G111.mp4,55.0282,404,720,yuv420p,30,301,8,1851906
G112.mp4,74.3393,404,720,yuv420p,30,303,8,1414245
G113.mp4,74.4923,404,720,yuv420p,29.97002997003,301,8,3155502
G114.mp4,65.0532,404,720,yuv420p,30,301,8,2406609
G115.mp4,77.8551,404,720,yuv420p,29.97002997003,301,8,3082534
G116.mp4,88.4254,404,720,yuv420p,29.97002997003,301,8,3358853
G117.mp4,71.7751,404,720,yuv420p,29.97002997003,301,8,2200691
G118.mp4,65.9,404,720,yuv420p,29.97002997003,301,8,3985286
G119.mp4,76.8795,404,720,yuv420p,29.97002997003,301,8,1929960
H001.mp4,63.6974,360,640,yuv420p,30,300,8,536129
H002.mp4,69.1073,360,640,yuv420p,29.868,299,8,678287
I001.mp4,72.3462,640,360,yuv420p,29.97002997003,300,8,624047
I002.mp4,63.4225,640,360,yuv420p,29.834,299,8,642805
I003.mp4,69.5414,640,360,yuv420p,29.946,300,8,617720
J001.mp4,71.2778,352,640,yuv420p,30.064,301,8,1541201
J002.mp4,62.36,352,640,yuv420p,29.734,298,8,1252687
J003.mp4,60.4424,352,640,yuv420p,30.088,301,8,1680359
J004.mp4,62.645,352,640,yuv420p,30.115,302,8,1778738
J005.mp4,24.1117,352,640,yuv420p,27.207,273,8,1702610
K001.mp4,33.0114,640,352,yuv420p,30,300,8,1943748
K002.mp4,53.9415,640,352,yuv420p,29.95,300,8,1769813
L001.mp4,76.5463,320,568,yuv420p,29.9800133244504,300,8,713717
M001.mp4,36.9665,568,320,yuv420p,30,300,8,759733
M002.mp4,69.3081,568,320,yuv420p,30,300,8,719752
M003.mp4,21.1084,568,320,yuv420p,30,300,8,697685
N001.mp4,67.445,360,480,yuv420p,28.6856571714143,287,8,687151
O001.mp4,27.8,480,360,yuv420p,24.0119561607439,241,8,721305
O002.mp4,31.0169,480,360,yuv420p,25.2988047808765,254,8,648200
P001.mp4,64.399,272,480,yuv420p,30,300,8,728060
P002.mp4,60.1489,272,480,yuv420p,30,300,8,742869
P003.mp4,61.749,272,480,yuv420p,30,300,8,728721
P004.mp4,63.4194,272,480,yuv420p,30,300,8,715521
P005.mp4,74.1421,272,480,yuv420p,30,300,8,734968
P006.mp4,54.2271,272,480,yuv420p,30,300,8,727947
P007.mp4,38.2139,272,480,yuv420p,30,300,8,721308
P008.mp4,38.4545,272,480,yuv420p,30,300,8,721492
P009.mp4,55.9663,272,480,yuv420p,30,300,8,744878
Q001.mp4,61.1466,240,320,yuv420p,30.0200133422282,301,8,771281
R001.mp4,72.4848,320,240,yuv420p,30.0200133422282,301,8,770681
